missing_hsts,missing_x_frame_options,missing_x_content_type_options,missing_csp,exposed_server_header,exposed_x_powered_by,weak_ssl_certificate,exposed_dir_listing,missing_httponly_cookie,missing_secure_cookie,cors_wildcard,outdated_cms_header,simulated_cvss,risk_category
0,1,1,1,1,1,0,1,1,1,1,1,8.3,2
0,0,0,0,0,0,0,0,0,0,1,1,1.7,0
1,1,1,1,1,0,0,0,0,0,0,0,4.1,1
1,1,1,0,1,1,0,0,0,0,0,1,5.0,1
1,1,1,1,1,1,1,0,1,0,1,1,8.3,2
0,1,1,0,1,1,1,1,1,0,1,0,6.6,2
1,1,1,1,1,0,1,0,0,0,1,1,6.6,1
1,1,1,1,1,0,0,0,0,0,0,0,4.1,1
0,1,0,0,1,0,0,0,1,0,0,0,2.5,0
1,1,1,1,1,1,0,0,0,0,0,0,5.0,1
0,1,1,1,1,1,1,0,0,1,1,0,6.6,2
1,0,0,1,1,0,0,0,0,0,0,0,2.5,0
1,1,1,1,1,1,0,1,1,0,0,0,6.6,2
1,1,1,1,0,0,0,0,0,0,0,0,3.3,1
0,0,0,0,1,0,0,0,1,1,0,1,3.3,1
1,1,1,1,0,0,0,0,0,0,1,0,4.1,1
1,0,0,1,1,0,0,0,0,0,0,0,2.5,0
1,1,0,1,1,0,1,1,1,0,1,1,7.5,2
0,0,0,0,1,0,0,0,1,0,0,0,1.7,0
1,1,0,1,0,0,0,0,0,1,0,0,3.3,1
1,0,0,1,1,0,0,0,0,0,0,0,2.5,0
1,1,1,1,1,0,0,0,0,0,0,0,4.1,1
1,1,1,0,1,1,1,1,1,1,1,1,9.2,3
0,0,0,1,1,1,0,0,0,0,0,1,3.3,0
1,1,1,1,0,0,0,0,0,0,0,0,3.3,0
1,1,1,1,0,0,0,0,0,0,0,0,3.3,1
1,1,1,1,1,0,0,0,0,0,0,0,4.1,1
0,1,1,1,1,0,0,0,0,0,0,0,3.3,1
0,1,1,1,0,0,0,0,0,0,1,0,3.3,1
1,1,1,1,1,1,1,1,1,1,1,1,10.0,3
1,1,1,1,1,1,1,1,1,1,1,0,9.2,3
0,1,1,1,0,0,0,0,0,0,1,0,3.3,1
1,1,1,1,1,0,0,0,0,0,1,0,5.0,1
1,1,1,1,1,1,1,1,1,1,1,1,10.0,3
0,0,0,0,1,0,0,0,0,0,0,1,1.7,0
1,1,1,1,1,1,1,1,1,0,1,1,9.2,3
1,1,0,0,1,0,0,0,0,0,0,0,2.5,0
0,1,0,1,1,0,0,0,0,0,0,0,2.5,1
1,1,1,1,1,0,0,0,0,0,0,0,4.1,1
1,1,1,1,1,1,1,1,0,0,0,1,7.5,2
0,1,0,0,0,0,0,0,1,0,0,1,2.5,0
1,1,1,0,1,1,0,1,1,1,0,0,6.6,2
1,1,1,1,0,0,0,0,0,0,0,0,3.3,1
1,1,1,1,0,0,0,0,0,0,0,0,3.3,1
1,1,1,1,1,0,0,0,0,0,0,0,4.1,1
0,0,0,0,1,0,0,0,1,1,0,0,2.5,0
1,1,0,1,1,0,1,1,1,1,0,1,7.5,2
1,1,1,1,1,0,0,0,0,0,0,0,4.1,1
1,1,1,1,0,0,0,0,0,0,0,0,3.3,1
1,1,1,1,1,0,0,0,0,0,0,0,4.1,1
1,0,0,1,1,0,0,0,0,0,0,0,2.5,0
0,0,0,0,0,0,0,0,1,0,0,0,0.8,0
0,0,0,0,1,0,0,0,0,0,0,0,0.8,0
1,1,1,1,0,0,0,0,0,0,1,0,4.1,1
1,1,1,1,1,1,1,0,1,1,0,1,8.3,2
0,1,1,1,1,1,0,0,0,0,0,0,4.1,1
1,1,1,1,1,1,0,1,1,1,1,1,9.2,3
1,1,1,1,1,0,0,0,0,0,0,0,4.1,1
1,1,1,0,0,0,0,0,0,0,0,0,2.5,0
1,1,1,1,1,1,0,1,1,0,1,1,8.3,2
0,1,1,1,1,0,0,0,0,0,0,0,3.3,1
1,1,1,1,1,0,0,0,0,0,0,0,4.1,1
1,1,1,1,0,0,0,0,0,0,0,0,3.3,1
1,0,0,1,0,0,0,0,0,0,0,0,1.7,0
1,1,0,1,1,0,0,0,0,0,1,0,4.1,1
0,0,0,1,1,0,0,0,0,0,0,0,1.7,0
1,1,1,1,1,0,0,0,0,0,0,0,4.1,1
0,1,1,1,1,1,0,0,0,0,0,0,4.1,1
1,1,1,1,1,0,1,1,1,0,0,0,6.6,2
1,1,0,0,1,0,0,0,0,1,0,0,3.3,1
0,1,1,1,1,0,0,0,0,0,0,0,3.3,1
0,0,1,1,1,0,0,0,0,0,0,1,3.3,1
1,1,1,1,1,0,0,1,1,1,1,0,7.5,2
1,1,1,0,1,0,0,0,0,0,1,0,4.1,1
0,0,1,0,1,0,0,0,0,0,0,0,1.7,0
1,1,1,1,1,1,1,1,1,1,0,0,8.3,2
1,1,1,1,1,0,0,1,0,0,1,1,6.6,2
0,1,1,1,0,0,0,0,0,0,1,0,3.3,1
1,1,1,1,0,0,0,0,0,0,0,0,3.3,1
1,1,1,1,1,0,0,0,0,0,0,0,4.1,1
1,1,1,1,1,0,0,0,0,0,0,1,5.0,1
0,1,1,1,0,0,0,0,1,0,0,0,3.3,1
1,1,0,1,1,0,1,0,1,0,1,1,6.6,2
0,1,0,1,1,0,0,0,0,0,0,0,2.5,0
0,1,0,0,1,0,0,0,1,0,0,0,2.5,0
1,1,1,1,1,1,0,0,0,0,0,0,5.0,1
0,0,1,0,1,0,0,0,0,0,0,0,1.7,0
1,1,1,1,0,0,0,0,0,0,0,0,3.3,1
1,1,1,1,0,0,0,0,0,0,0,0,3.3,1
1,1,1,1,1,1,1,1,1,1,1,0,9.2,3
1,1,1,1,0,1,1,0,0,1,1,1,7.5,2
1,1,1,1,1,1,1,1,1,1,1,1,10.0,3
1,1,1,1,1,1,1,0,0,0,0,1,6.6,2
0,1,1,1,0,0,0,0,0,0,1,0,3.3,1
0,1,1,1,0,0,0,0,0,0,0,0,2.5,0
1,1,1,0,1,0,1,1,1,0,1,0,6.6,2
0,1,1,1,0,0,0,0,0,0,0,0,2.5,1
1,1,1,1,1,1,1,1,1,1,1,0,9.2,3
1,1,1,1,1,1,0,0,0,1,1,0,6.6,1
0,1,1,1,0,0,0,0,0,0,1,0,3.3,1
1,1,1,1,1,0,0,0,0,0,0,0,4.1,1
1,0,0,1,1,0,0,0,0,0,0,0,2.5,0
1,1,1,1,1,0,1,1,1,1,1,1,9.2,3
0,0,0,0,0,0,0,0,1,0,0,0,0.8,0
0,1,1,1,0,0,0,0,0,0,0,0,2.5,0
0,1,0,1,1,0,0,0,0,0,0,1,3.3,1
0,0,0,0,1,0,0,0,0,0,0,0,0.8,0
1,1,1,1,0,0,0,0,0,0,0,0,3.3,1
0,0,0,1,1,0,0,0,1,1,0,0,3.3,1
0,1,1,1,0,0,0,0,0,0,0,0,2.5,0
0,1,1,1,1,0,0,0,0,0,0,0,3.3,1
1,1,1,1,1,1,1,1,1,0,0,1,8.3,2
1,1,1,1,1,1,0,1,1,0,1,0,7.5,2
0,0,0,1,1,1,0,0,0,0,0,0,2.5,0
1,1,1,1,1,0,0,0,0,0,0,0,4.1,2
1,1,1,1,1,0,0,0,0,0,0,0,4.1,1
0,0,0,0,1,1,0,0,0,0,0,0,1.7,0
1,1,1,1,0,0,1,0,1,0,1,1,6.6,2
1,1,1,1,1,1,1,1,1,1,1,1,10.0,3
1,1,1,1,1,1,0,1,1,1,1,1,9.2,2
1,1,1,1,0,0,0,0,0,0,0,0,3.3,1
1,1,1,1,1,0,0,0,0,0,0,0,4.1,1
1,1,1,1,1,1,1,1,1,0,1,0,8.3,2
1,1,0,1,0,0,0,0,0,0,0,0,2.5,0
1,1,1,1,1,1,1,1,0,1,1,1,9.2,3
0,1,1,1,1,0,0,0,0,0,0,0,3.3,1
1,0,0,1,1,0,0,0,0,0,0,0,2.5,0
1,1,1,1,1,1,0,0,1,0,1,1,7.5,2
1,1,1,1,0,0,0,0,1,1,0,0,5.0,1
1,1,1,1,1,1,1,0,1,0,1,0,7.5,2
0,1,1,1,1,0,0,0,0,0,0,0,3.3,1
1,1,0,1,1,1,1,0,1,0,1,0,6.6,2
0,0,0,1,1,0,0,0,0,0,0,0,1.7,0
1,1,1,0,1,0,0,0,0,0,0,0,3.3,1
1,1,1,1,1,0,0,0,0,0,0,0,4.1,1
0,1,1,1,1,0,0,0,0,0,1,0,4.1,1
1,1,1,1,1,1,1,1,1,0,1,1,9.2,3
0,1,1,1,1,1,0,0,1,0,1,0,5.8,1
1,1,1,1,0,0,0,0,0,0,0,0,3.3,1
1,0,0,1,1,0,0,0,0,0,0,0,2.5,0
1,1,1,1,1,1,1,1,1,1,1,1,10.0,3
0,0,0,0,1,0,0,0,0,0,0,0,0.8,0
1,1,1,1,1,0,0,0,0,0,0,0,4.1,1
1,1,1,1,1,0,0,0,1,1,1,0,6.6,2
0,1,0,1,1,0,0,0,0,0,0,0,2.5,0
0,0,0,0,1,0,0,0,0,0,0,0,0.8,0
0,1,1,1,1,0,0,0,0,0,0,0,3.3,1
1,1,1,1,1,1,1,0,1,0,0,0,6.6,2
0,0,0,0,0,0,0,0,0,0,1,1,1.7,0
1,1,1,1,1,1,1,1,1,1,1,1,10.0,3
0,0,0,0,0,0,0,0,0,0,0,0,0.0,0
1,1,0,1,0,0,0,0,0,0,0,0,2.5,0
0,1,1,1,0,0,0,0,0,0,1,0,3.3,1
1,1,1,1,1,0,0,0,0,0,0,0,4.1,1
0,0,0,1,1,0,0,0,0,0,0,0,1.7,0
0,1,1,1,1,0,0,0,0,0,0,0,3.3,1
1,1,1,1,1,0,1,1,1,0,1,1,8.3,2
0,1,1,1,0,0,0,0,0,0,1,0,3.3,1
1,1,1,1,1,1,1,1,0,1,1,0,8.3,2
1,1,1,1,1,0,0,1,0,0,1,1,6.6,2
1,1,1,1,0,0,0,0,0,0,0,0,3.3,1
1,1,0,1,1,0,0,1,1,0,1,1,6.6,2
1,0,1,1,1,0,0,0,0,0,0,0,3.3,1
1,1,1,1,1,0,1,1,0,0,1,0,6.6,2
1,0,1,1,1,0,0,0,0,0,0,0,3.3,1
0,1,1,1,1,0,0,0,0,0,0,0,3.3,1
1,1,1,1,0,0,0,0,0,0,1,0,4.1,1
1,1,1,1,1,1,1,1,1,1,1,1,10.0,3
0,1,0,0,1,0,0,0,0,0,0,0,1.7,0
0,1,0,0,1,0,0,0,1,0,0,0,2.5,0
1,1,1,1,1,1,0,1,0,0,1,1,7.5,2
1,0,0,1,1,0,0,0,0,0,0,0,2.5,0
0,0,0,0,0,0,0,0,1,1,0,0,1.7,0
1,1,1,1,0,0,0,0,0,0,0,0,3.3,1
1,1,1,1,1,0,1,0,1,1,1,1,8.3,2
1,1,1,1,1,1,0,0,0,0,0,0,5.0,1
0,1,1,1,1,0,0,0,0,0,1,0,4.1,1
1,1,1,1,1,0,0,0,0,0,0,0,4.1,1
1,1,0,1,1,1,1,0,1,1,1,0,7.5,2
1,1,1,1,1,0,0,0,0,0,0,0,4.1,1
1,1,1,1,1,1,1,1,1,1,1,1,10.0,3
1,1,1,1,1,0,0,1,0,1,1,0,6.6,2
1,1,1,1,0,1,0,0,1,0,0,0,5.0,1
1,1,1,1,1,0,0,0,0,0,0,0,4.1,1
0,1,1,1,1,0,0,0,0,0,0,0,3.3,1
0,1,1,1,1,0,0,0,0,0,0,0,3.3,0
0,0,0,1,1,0,0,0,0,0,0,0,1.7,0
0,0,1,0,1,0,0,0,0,0,0,0,1.7,0
0,1,0,1,1,0,0,0,0,0,0,0,2.5,0
0,0,0,1,1,0,0,0,1,0,0,0,2.5,0
1,1,1,0,1,0,0,0,0,0,0,1,4.1,1
1,1,1,1,1,0,0,0,0,0,0,0,4.1,1
1,1,1,1,0,0,0,0,0,0,0,0,3.3,1
0,1,1,1,0,0,0,0,0,0,0,0,2.5,0
1,1,1,1,0,1,0,0,1,0,0,0,5.0,1
1,1,1,1,0,0,0,0,0,0,0,0,3.3,0
0,1,1,1,0,0,0,0,0,0,1,0,3.3,1
1,1,1,1,1,1,1,1,1,1,0,1,9.2,3
0,0,0,1,1,0,0,0,0,0,1,0,2.5,0
1,1,0,1,1,0,0,0,0,0,0,0,3.3,1
0,1,1,1,1,1,1,1,0,1,0,0,6.6,2
1,1,1,1,0,0,0,0,0,0,0,0,3.3,1
0,1,0,1,1,0,0,0,0,0,0,1,3.3,1
1,1,1,1,1,0,1,1,1,1,1,1,9.2,3
0,1,1,1,1,0,0,0,0,0,0,1,4.1,1
1,1,1,1,1,0,0,0,0,0,0,0,4.1,1
1,0,1,1,1,0,1,1,0,1,0,1,6.6,2
1,1,1,1,1,1,0,1,0,1,1,0,7.5,2
0,1,1,1,1,0,0,0,0,0,1,0,4.1,1
1,1,1,1,0,0,0,0,0,0,0,0,3.3,1
1,1,0,1,1,0,1,0,1,1,0,1,6.6,2
1,1,1,1,0,0,0,0,1,0,0,0,4.1,1
0,0,0,0,1,0,0,0,0,0,1,0,1.7,0
0,1,1,1,1,0,0,0,0,0,0,0,3.3,1
1,1,1,1,0,0,0,0,0,0,0,0,3.3,1
1,1,1,1,1,1,1,1,1,1,1,1,10.0,3
0,1,1,1,1,0,0,0,0,0,0,0,3.3,1
1,1,0,1,1,0,0,0,0,0,1,0,4.1,1
0,0,0,1,1,0,0,0,0,0,0,0,1.7,0
1,0,0,1,1,0,0,0,0,0,0,0,2.5,0
1,1,1,1,1,0,0,1,1,1,0,0,6.6,2
1,1,1,1,0,0,0,0,0,0,0,0,3.3,1
1,1,1,1,1,0,0,0,0,0,0,0,4.1,1
1,1,0,0,1,0,0,0,0,0,0,0,2.5,0
1,1,1,1,1,0,0,0,0,0,0,1,5.0,1
1,1,1,1,1,1,1,1,1,1,1,1,10.0,3
1,1,1,1,0,0,0,0,0,0,0,0,3.3,1
1,1,1,1,1,0,0,1,0,0,1,1,6.6,2
1,1,1,0,1,1,0,0,0,0,0,1,5.0,1
1,1,1,1,1,0,0,0,0,0,0,0,4.1,1
1,1,1,1,1,1,1,1,0,0,1,0,7.5,2
1,1,0,1,0,0,0,0,0,0,0,0,2.5,0
0,0,0,1,0,0,0,0,1,0,0,0,1.7,0
0,0,0,1,1,0,0,0,0,0,0,0,1.7,0
1,1,0,1,1,0,0,0,0,0,0,0,3.3,0
0,1,1,1,0,0,0,0,0,0,0,0,2.5,0
1,1,0,0,1,0,0,0,0,1,0,0,3.3,1
0,1,1,1,1,0,0,0,0,0,0,0,3.3,1
1,1,1,1,1,0,0,0,0,0,0,0,4.1,1
0,1,0,1,1,0,0,0,0,0,0,0,2.5,0
0,0,1,0,1,0,0,0,0,0,0,0,1.7,0
1,0,1,1,0,0,1,1,1,0,1,1,6.6,2
1,1,1,1,1,1,1,1,1,1,1,0,9.2,3
0,1,1,1,1,0,0,0,0,0,0,0,3.3,1
0,0,0,0,1,0,0,0,1,0,0,1,2.5,0
1,0,0,1,1,0,0,0,1,1,0,0,4.1,1
1,0,0,1,1,0,0,0,0,0,0,0,2.5,0
1,1,1,1,1,1,0,0,1,0,1,1,7.5,2
1,1,1,1,1,1,1,0,0,0,1,1,7.5,2
1,1,1,1,1,0,0,0,0,0,1,0,5.0,1
0,0,0,1,1,0,0,0,0,0,0,0,1.7,0
0,1,1,1,0,0,0,0,0,0,0,0,2.5,0
0,1,0,0,1,0,0,0,0,0,0,0,1.7,0
1,1,1,1,1,1,0,0,1,1,0,0,6.6,2
0,1,1,1,1,0,0,0,0,0,0,0,3.3,1
0,0,0,0,1,0,0,0,0,0,0,0,0.8,0
1,1,1,1,1,0,0,0,1,1,0,0,5.8,1
1,1,0,1,1,0,0,0,0,0,0,0,3.3,1
1,1,1,1,1,0,0,0,0,0,0,0,4.1,1
0,1,1,1,0,0,0,0,0,0,1,0,3.3,1
1,0,0,1,1,0,0,0,0,0,0,0,2.5,0
1,1,1,1,0,0,0,0,0,0,0,0,3.3,1
1,1,1,1,1,0,0,0,0,0,0,0,4.1,1
0,1,0,0,0,0,0,0,0,0,0,0,0.8,0
1,1,1,1,1,1,1,1,1,1,1,1,10.0,3
1,1,1,1,0,0,0,0,0,0,0,0,3.3,1
1,1,1,1,0,1,1,1,0,1,1,0,7.5,2
1,1,1,1,1,1,1,1,0,1,1,1,9.2,3
0,1,1,1,1,0,0,0,0,0,0,0,3.3,1
0,0,0,0,1,1,0,0,1,0,0,0,2.5,0
0,1,1,1,0,0,1,1,1,1,1,1,7.5,2
1,1,1,1,1,1,0,1,1,1,0,1,8.3,2
0,1,0,0,0,0,0,0,1,0,0,0,1.7,0
0,1,1,1,0,0,0,0,0,0,0,0,2.5,0
1,1,1,1,1,1,1,1,1,1,1,1,10.0,3
1,0,0,1,1,0,0,0,0,0,0,0,2.5,0
1,1,1,1,1,0,1,1,0,0,1,1,7.5,2
1,0,0,1,1,0,0,0,0,0,0,0,2.5,0
1,1,1,1,1,1,0,0,0,0,1,1,6.6,2
0,1,1,1,1,1,0,0,0,0,0,1,5.0,1
1,1,1,1,0,0,0,0,0,0,0,0,3.3,1
0,1,1,1,1,0,0,0,1,1,0,0,5.0,1
1,1,0,0,1,0,0,0,0,0,0,0,2.5,0
1,0,1,1,1,0,0,0,0,0,0,0,3.3,1
1,1,0,1,1,0,0,0,0,0,1,0,4.1,1
0,1,1,1,1,0,0,0,0,0,1,0,4.1,1
1,1,1,1,1,1,1,1,0,0,0,0,6.6,2
1,1,1,1,1,0,0,0,0,0,1,0,5.0,1
1,1,1,1,0,0,0,0,0,0,1,0,4.1,1
0,0,1,1,1,0,0,0,0,0,0,0,2.5,0
0,1,1,1,0,0,0,0,0,0,0,0,2.5,0
1,1,1,0,1,0,0,0,0,0,0,1,4.1,1
1,1,1,1,1,1,1,0,1,1,1,1,9.2,3
1,1,1,1,1,0,0,0,0,0,0,0,4.1,1
1,1,1,1,1,1,1,1,1,1,0,0,8.3,2
0,0,0,0,1,0,0,0,1,0,0,0,1.7,0
0,1,1,1,0,0,0,0,0,0,1,0,3.3,1
1,1,1,1,1,1,1,1,1,1,1,1,10.0,3
0,1,1,1,0,0,0,0,0,0,1,0,3.3,1
0,1,0,1,1,0,0,0,0,0,0,0,2.5,0
0,0,0,0,0,0,0,0,0,0,0,0,0.0,0
0,1,0,0,1,0,0,0,1,0,0,0,2.5,0
1,0,0,1,1,0,0,0,0,0,0,0,2.5,0
1,1,1,1,1,1,1,1,1,1,0,1,9.2,3
1,1,0,0,1,0,0,0,0,0,0,0,2.5,0
0,0,1,1,1,1,1,1,1,1,0,0,6.6,2
1,1,1,1,0,0,0,0,0,0,0,0,3.3,1
1,1,1,1,0,0,0,0,0,0,0,0,3.3,0
1,1,0,1,1,0,0,0,0,0,0,0,3.3,1
0,1,1,1,1,0,0,0,0,0,0,0,3.3,1
1,1,1,1,0,0,0,0,0,0,0,0,3.3,1
1,0,1,1,1,0,0,0,1,1,0,0,5.0,1
1,1,1,1,0,0,0,0,0,0,0,0,3.3,1
0,1,1,1,1,0,0,0,0,0,0,0,3.3,1
1,1,1,1,1,1,0,0,1,1,0,0,6.6,2
1,1,1,1,0,0,0,0,0,0,0,0,3.3,1
1,1,1,1,1,1,1,1,0,0,0,0,6.6,2
0,0,1,1,1,1,0,0,0,0,0,0,3.3,1
1,1,1,1,1,1,0,1,1,1,1,1,9.2,3
0,0,0,0,1,0,0,0,1,0,0,0,1.7,0
1,1,1,1,1,0,0,0,0,0,0,0,4.1,1
1,1,0,1,0,1,1,1,1,0,1,0,6.6,2
1,1,1,1,0,0,0,0,0,0,0,0,3.3,1
1,1,1,1,0,0,0,0,0,0,1,0,4.1,1
0,1,1,1,1,1,0,0,0,0,0,0,4.1,1
1,1,1,1,1,1,1,1,1,0,1,1,9.2,3
1,1,0,1,1,0,0,0,0,0,0,0,3.3,1
1,1,1,1,0,0,0,0,0,0,0,0,3.3,1
0,1,1,1,1,0,0,0,0,0,0,0,3.3,1
0,0,0,0,1,0,0,0,1,0,0,0,1.7,0
0,0,0,1,1,0,0,0,0,0,0,1,2.5,0
0,1,0,1,1,0,0,0,0,0,0,0,2.5,0
1,1,1,1,0,0,0,0,0,0,0,0,3.3,1
1,1,1,1,1,1,1,1,1,0,0,1,8.3,2
1,1,1,1,1,0,0,1,1,0,0,1,6.6,2
0,1,1,1,0,0,0,0,0,0,1,0,3.3,1
1,1,1,1,1,0,0,0,0,0,0,0,4.1,1
1,1,1,1,1,0,0,0,0,0,0,0,4.1,1
1,1,1,1,0,0,0,0,0,0,0,0,3.3,0
1,1,1,1,1,0,0,1,0,1,0,1,6.6,2
1,1,1,1,1,0,1,1,1,0,1,1,8.3,2
1,1,1,0,1,1,1,0,1,1,0,0,6.6,2
1,1,1,1,1,1,1,1,1,1,1,0,9.2,3
1,1,1,1,0,1,1,0,0,1,0,1,6.6,2
0,0,0,1,1,0,0,0,0,0,0,0,1.7,0
0,0,0,0,1,0,0,0,0,0,0,0,0.8,0
1,1,1,0,1,1,1,0,1,1,0,0,6.6,2
1,1,0,0,1,0,0,0,0,0,0,0,2.5,0
0,1,1,1,1,0,0,0,0,0,0,0,3.3,1
0,1,0,0,1,0,0,0,0,0,0,0,1.7,0
1,1,1,1,1,1,1,0,0,0,1,1,7.5,2
1,1,1,1,1,1,0,1,1,1,1,1,9.2,2
1,1,1,1,1,0,0,0,0,0,0,0,4.1,1
1,1,1,1,1,1,1,1,1,0,1,1,9.2,3
1,1,0,1,1,0,0,0,0,0,1,0,4.1,1
1,0,0,1,1,0,0,0,0,0,0,0,2.5,0
1,1,1,1,1,0,0,0,0,0,0,0,4.1,1
1,1,1,1,1,0,0,0,0,0,1,0,5.0,1
1,1,1,1,1,0,0,0,0,0,0,0,4.1,1
1,1,1,1,1,0,0,0,0,0,0,0,4.1,1
1,1,1,1,0,0,1,1,1,0,1,0,6.6,2
0,1,0,0,1,0,0,0,1,0,0,0,2.5,0
0,0,0,0,1,0,0,0,0,0,0,0,0.8,0
0,1,1,1,1,0,0,0,0,0,0,1,4.1,1
0,1,1,1,1,0,0,0,0,0,0,0,3.3,1
1,1,0,1,1,0,0,0,0,0,1,0,4.1,1
1,1,0,1,0,0,0,0,0,0,0,0,2.5,0
1,1,1,1,1,0,0,0,0,0,0,0,4.1,1
1,1,1,1,1,1,1,1,1,1,1,1,10.0,3
1,1,1,1,1,0,0,0,0,0,0,0,4.1,1
1,1,1,1,0,0,0,0,0,0,0,0,3.3,1
1,1,1,1,1,1,1,1,1,1,1,0,9.2,3
1,1,0,1,0,0,0,0,0,0,0,0,2.5,0
1,1,1,1,1,0,0,0,0,0,0,0,4.1,1
1,1,1,1,1,0,1,0,0,0,1,1,6.6,2
1,1,1,1,1,1,1,1,0,0,1,1,8.3,2
1,1,1,1,1,1,1,1,0,1,1,1,9.2,3
1,1,1,1,1,0,0,1,1,1,0,1,7.5,2
0,1,0,0,0,0,0,0,0,0,0,0,0.8,0
0,1,1,1,1,0,0,0,1,1,0,0,5.0,1
1,1,1,1,1,1,1,0,1,1,0,0,7.5,2
1,1,1,1,1,1,1,1,1,1,1,0,9.2,3
1,1,1,1,0,1,0,1,1,0,1,1,7.5,2
0,0,0,1,1,0,0,0,0,0,0,0,1.7,0
1,1,1,1,1,1,1,1,1,1,1,0,9.2,3
1,1,1,1,0,0,0,0,0,0,0,0,3.3,1
0,1,1,1,1,0,0,0,0,0,1,0,4.1,1
1,0,0,1,1,0,0,0,0,0,0,0,2.5,0
1,1,1,1,1,1,0,0,1,0,0,0,5.8,1
0,0,0,0,1,0,0,0,0,0,0,0,0.8,0
1,1,1,1,0,0,0,0,0,0,1,0,4.1,1
1,1,1,1,1,1,1,1,1,1,1,1,10.0,3
1,1,1,1,1,0,0,0,0,0,0,0,4.1,1
1,1,1,1,1,1,0,1,0,1,0,1,7.5,2
1,1,1,1,1,0,1,0,1,1,0,1,7.5,2
1,1,0,1,1,1,0,1,0,1,1,1,7.5,2
1,1,1,1,1,0,0,0,0,0,0,0,4.1,1
1,1,1,1,1,0,0,0,0,0,1,0,5.0,1
1,1,0,0,1,0,0,0,0,1,0,0,3.3,1
1,0,1,1,1,1,1,1,1,1,1,1,9.2,3
1,1,1,0,1,0,0,0,0,0,0,0,3.3,1
1,1,1,1,1,0,0,0,0,0,0,0,4.1,1
1,1,1,1,1,0,0,0,0,0,0,0,4.1,1
1,1,1,1,1,0,0,0,0,0,0,0,4.1,1
1,0,1,1,1,1,0,0,1,1,1,0,6.6,2
0,0,0,0,1,0,0,0,0,0,0,0,0.8,0
0,0,0,1,0,0,0,0,0,0,0,0,0.8,0
1,1,1,1,1,1,0,0,0,1,1,0,6.6,2
1,1,1,1,1,1,1,0,0,0,0,1,6.6,2
0,1,1,1,1,0,0,0,0,0,0,0,3.3,1
1,1,1,1,1,1,0,1,1,1,1,1,9.2,3
0,0,0,0,1,0,0,0,0,0,0,0,0.8,0
0,0,0,0,1,0,0,0,0,0,0,1,1.7,0
1,1,0,1,0,0,0,0,0,0,0,0,2.5,0
1,1,1,1,1,1,0,1,1,1,0,0,7.5,2
0,0,1,0,1,0,0,0,0,0,0,0,1.7,0
1,1,1,1,0,0,0,0,0,0,1,0,4.1,1
0,0,0,0,1,0,0,0,0,0,0,0,0.8,0
1,1,0,1,1,0,0,0,0,0,1,0,4.1,1
0,0,0,1,1,0,0,0,0,0,0,0,1.7,0
1,1,1,1,1,1,0,0,1,0,0,1,6.6,2
1,0,1,1,1,0,0,1,1,1,0,1,6.6,2
1,1,1,1,1,0,1,0,1,1,1,1,8.3,2
1,1,1,1,0,0,0,0,0,0,0,0,3.3,0
1,0,0,0,1,0,0,0,0,0,0,0,1.7,0
0,1,1,1,1,0,0,0,0,0,0,0,3.3,1
1,0,0,1,1,0,0,0,0,0,0,0,2.5,0
0,0,0,0,1,0,0,0,1,0,0,0,1.7,0
1,1,1,1,0,0,0,0,0,0,0,0,3.3,1
1,1,1,1,0,0,0,0,0,0,0,0,3.3,1
1,1,1,1,1,1,0,0,0,0,0,0,5.0,1
1,0,1,1,1,0,0,0,1,1,0,0,5.0,1
1,1,1,1,0,0,0,0,0,0,0,0,3.3,1
0,0,0,1,0,0,0,0,0,0,0,0,0.8,0
0,1,1,0,1,1,0,0,1,0,0,0,4.1,1
1,1,1,1,1,0,0,0,0,0,0,0,4.1,1
0,1,0,0,1,0,0,0,1,0,0,0,2.5,0
1,1,1,1,1,0,0,0,0,0,0,0,4.1,1
1,1,1,1,1,1,1,1,0,1,0,0,7.5,2
0,1,0,0,1,0,0,0,0,0,0,0,1.7,0
1,1,1,1,0,0,0,0,0,0,0,0,3.3,1
0,1,1,1,1,0,0,0,0,0,1,0,4.1,1
1,1,1,1,1,0,0,0,0,1,0,0,5.0,1
1,1,1,1,1,0,0,1,1,1,0,1,7.5,2
1,1,1,1,0,0,0,0,0,0,0,0,3.3,1
1,1,1,1,1,0,0,1,1,0,1,0,6.6,2
0,1,1,1,1,0,0,0,0,0,0,0,3.3,1
1,1,1,1,1,0,0,0,0,0,0,0,4.1,1
1,1,1,1,1,0,0,0,0,0,0,0,4.1,1
1,1,0,0,1,0,0,0,0,0,0,0,2.5,0
1,0,0,1,1,0,0,0,0,0,0,0,2.5,0
1,1,1,1,1,1,0,0,0,0,0,0,5.0,1
1,1,1,1,0,0,0,0,0,0,0,0,3.3,1
1,0,0,1,1,0,0,0,0,0,0,0,2.5,0
1,1,0,1,1,1,1,1,0,0,1,1,7.5,2
1,1,1,1,0,0,0,0,0,0,1,0,4.1,1
1,1,1,1,1,0,1,0,1,0,1,1,7.5,2
1,1,1,1,1,0,0,0,0,0,0,0,4.1,1
1,1,1,1,1,1,1,1,1,1,0,1,9.2,3
1,1,1,1,1,0,0,0,0,0,0,1,5.0,1
1,1,1,1,0,0,0,0,0,0,0,0,3.3,1
1,1,1,1,1,0,0,0,0,0,0,0,4.1,1
1,1,0,1,1,0,1,1,1,1,1,0,7.5,2
0,0,0,0,1,0,0,0,0,0,0,0,0.8,0
0,0,0,0,0,0,0,0,1,0,0,0,0.8,0
1,1,1,1,0,0,0,0,0,0,0,0,3.3,1
0,1,0,0,1,0,0,0,0,0,0,0,1.7,0
0,0,0,1,1,0,0,0,0,0,0,0,1.7,0
1,0,1,1,1,1,0,1,0,1,1,1,7.5,2
1,1,1,1,1,1,1,1,1,1,1,1,10.0,3
0,0,0,0,1,0,0,0,1,0,0,0,1.7,0
1,0,0,1,1,0,0,0,0,0,0,0,2.5,0
1,1,1,1,0,0,0,0,0,0,0,0,3.3,1
0,1,1,1,1,0,0,0,0,0,0,0,3.3,1
0,1,0,1,1,0,0,0,0,0,0,0,2.5,0
1,1,1,1,1,0,0,0,0,0,0,0,4.1,1
1,1,1,1,0,0,0,0,0,0,0,0,3.3,1
1,1,1,1,0,0,0,0,0,0,0,0,3.3,1
1,1,1,1,1,0,0,0,0,0,0,0,4.1,1
0,1,0,1,1,0,0,0,0,0,1,0,3.3,1
1,1,1,1,1,1,1,1,1,1,1,0,9.2,3
1,1,1,1,0,0,0,1,1,0,1,1,6.6,2
1,1,1,1,1,0,0,0,0,0,0,0,4.1,1
1,1,0,0,1,0,0,0,0,0,0,0,2.5,0
1,1,1,1,1,1,1,1,1,1,1,1,10.0,3
0,0,0,0,0,0,0,0,1,0,0,0,0.8,0
0,0,0,1,0,0,0,0,1,0,0,0,1.7,0
1,1,1,1,0,0,0,0,0,0,0,0,3.3,1
1,1,1,1,1,0,0,0,0,0,0,0,4.1,1
1,0,1,1,1,0,0,0,1,1,0,1,5.8,1
1,1,1,1,1,1,0,1,1,1,1,1,9.2,3
0,1,1,1,0,0,0,0,0,0,0,0,2.5,0
1,1,1,1,0,0,0,0,0,0,1,0,4.1,1
0,1,1,1,1,0,0,0,0,0,1,0,4.1,1
1,1,1,1,0,0,0,0,0,0,1,0,4.1,1
1,1,1,1,1,0,0,0,0,0,0,0,4.1,1
0,0,0,0,0,0,0,0,1,0,0,0,0.8,0
1,1,1,1,0,0,0,0,0,0,0,0,3.3,1
1,1,1,1,1,0,0,0,0,0,0,0,4.1,1
1,1,1,1,1,0,0,0,0,0,0,0,4.1,1
0,0,0,0,1,0,0,0,0,0,0,0,0.8,0
1,1,1,1,1,0,0,0,0,0,0,0,4.1,1
1,1,0,1,1,0,0,0,0,0,0,0,3.3,1
1,1,1,1,0,0,0,0,0,0,1,0,4.1,1
1,0,0,1,1,0,0,0,0,0,0,0,2.5,0
1,0,0,0,1,0,0,0,0,0,1,1,3.3,1
1,1,1,1,0,0,0,0,0,0,0,0,3.3,1
0,0,0,1,1,1,0,0,0,0,0,1,3.3,1
0,0,0,0,0,0,0,0,1,0,0,0,0.8,0
1,0,0,1,1,0,0,0,0,0,0,0,2.5,0
0,0,0,1,1,0,0,0,1,0,0,1,3.3,1
0,1,1,1,1,0,0,0,0,0,1,0,4.1,1
0,0,0,1,0,0,0,0,0,0,0,0,0.8,0
0,0,0,1,1,0,0,0,0,0,0,0,1.7,0
0,1,0,0,1,0,0,0,0,1,0,0,2.5,0
1,1,1,1,0,0,0,0,0,0,0,0,3.3,1
1,1,1,1,1,0,0,0,0,0,0,0,4.1,1
0,0,0,1,1,0,0,0,0,0,0,0,1.7,0
1,1,1,1,0,0,0,0,0,0,0,0,3.3,1
1,1,0,1,1,0,0,0,0,0,0,0,3.3,1
1,1,1,1,1,1,1,1,1,1,1,1,10.0,3
1,1,1,1,1,0,0,0,0,0,0,0,4.1,1
1,1,1,1,0,0,0,0,0,0,0,0,3.3,1
1,1,1,1,1,1,1,0,1,1,1,1,9.2,3
1,1,1,1,1,1,1,1,1,0,1,1,9.2,3
0,1,1,1,1,0,0,0,0,0,1,0,4.1,1
1,1,1,1,1,1,1,1,1,1,1,1,10.0,3
1,1,1,1,1,0,0,0,0,0,1,0,5.0,1
1,1,1,1,1,0,0,0,0,0,0,0,4.1,1
1,1,1,1,1,0,0,0,1,0,1,1,6.6,2
1,1,1,1,1,0,0,0,0,0,0,0,4.1,1
1,1,1,1,1,0,0,0,0,0,0,0,4.1,1
0,0,0,1,1,0,0,0,0,0,0,0,1.7,0
0,0,0,1,1,0,0,0,0,0,0,0,1.7,0
1,1,1,1,0,0,0,0,0,0,1,0,4.1,1
1,1,1,1,1,1,1,1,1,1,1,1,10.0,3
1,1,1,1,0,0,0,0,0,0,0,0,3.3,1
1,1,1,1,1,1,1,1,0,1,1,1,9.2,3
1,1,1,1,1,1,0,1,1,0,1,0,7.5,2
0,1,1,1,0,0,0,0,0,0,0,0,2.5,0
1,0,0,1,1,0,0,0,0,0,0,0,2.5,0
1,1,1,1,1,1,0,0,0,0,0,0,5.0,1
0,1,1,1,1,0,1,0,1,1,1,0,6.6,2
1,1,1,1,0,0,0,0,0,0,0,0,3.3,1
1,1,1,1,1,0,0,0,0,0,0,0,4.1,1
0,0,0,0,0,0,0,0,0,0,0,0,0.0,0
0,1,1,1,1,0,0,0,0,0,0,0,3.3,1
0,0,0,0,1,0,0,0,0,0,0,0,0.8,0
0,1,1,1,1,0,0,1,1,1,1,1,7.5,2
0,0,0,0,1,0,0,0,0,0,0,0,0.8,0
0,0,0,0,1,0,0,0,1,0,0,0,1.7,0
0,1,1,1,1,0,0,0,0,0,0,0,3.3,1
1,1,1,1,1,0,0,1,0,1,1,1,7.5,2
1,1,1,1,0,0,0,0,0,0,1,0,4.1,1
1,1,0,1,1,0,1,0,1,1,1,0,6.6,2
0,1,1,1,1,0,0,0,0,0,0,0,3.3,1
0,0,0,1,0,0,0,0,1,0,0,0,1.7,0
0,0,0,0,1,0,0,0,0,0,0,0,0.8,0
0,1,0,1,1,0,0,0,0,0,0,0,2.5,0
1,1,1,0,1,1,0,1,1,0,1,0,6.6,2
1,1,0,1,1,1,1,1,0,1,0,1,7.5,2
0,1,0,1,1,1,1,1,1,1,1,1,8.3,2
1,1,1,1,0,0,0,0,0,0,0,0,3.3,1
1,1,1,1,0,0,0,0,0,0,0,0,3.3,1
0,1,1,1,1,1,1,1,1,0,0,1,7.5,2
0,0,0,0,1,0,0,0,1,1,0,0,2.5,0
1,1,1,1,1,0,0,0,0,0,0,1,5.0,1
1,1,1,1,1,0,0,0,0,0,0,0,4.1,1
0,1,0,0,1,0,0,0,0,0,1,0,2.5,0
1,1,1,1,1,1,1,1,1,1,1,1,10.0,3
1,1,1,0,1,1,1,0,1,1,0,0,6.6,2
1,1,1,1,1,0,0,0,0,1,0,0,5.0,1
1,1,0,1,0,0,0,0,0,0,0,0,2.5,0
0,0,1,1,1,0,0,0,0,0,0,0,2.5,0
1,1,1,1,0,0,0,0,0,0,0,0,3.3,1
0,1,1,0,1,0,0,0,1,1,0,0,4.1,1
1,1,1,1,1,0,0,0,0,0,0,0,4.1,1
1,1,1,1,0,0,0,0,0,0,0,0,3.3,1
0,0,0,1,0,0,0,0,1,0,0,0,1.7,0
0,1,0,1,1,1,1,1,0,0,1,1,6.6,2
1,1,0,1,0,0,0,0,0,0,0,0,2.5,0
1,1,1,1,0,0,0,0,0,0,0,0,3.3,1
1,1,1,1,1,0,1,0,1,1,1,1,8.3,2
1,1,1,1,0,0,0,0,0,0,0,0,3.3,0
1,1,1,1,1,1,0,0,0,0,0,0,5.0,1
1,1,1,1,0,0,0,0,0,0,0,0,3.3,1
1,1,1,1,0,0,0,0,0,0,0,0,3.3,1
1,1,1,1,1,1,1,1,1,1,1,1,10.0,3
1,1,1,1,1,1,1,0,1,1,1,1,9.2,3
1,1,1,1,1,0,0,0,0,0,0,1,5.0,1
1,1,0,1,0,0,0,0,0,0,0,0,2.5,0
1,1,1,1,1,0,1,0,1,1,1,1,8.3,2
0,1,1,0,1,1,0,0,0,0,0,0,3.3,1
1,0,1,1,1,0,0,0,0,0,0,0,3.3,1
1,1,1,1,1,0,0,0,0,0,1,0,5.0,1
0,0,0,0,1,0,0,0,0,0,0,0,0.8,0
1,1,1,1,1,1,0,1,1,0,1,1,8.3,2
1,1,1,1,1,0,0,0,0,0,1,0,5.0,1
1,1,1,1,1,0,0,0,0,0,0,0,4.1,1
1,1,1,0,1,1,0,0,0,0,0,0,4.1,1
0,0,0,0,1,1,0,0,0,0,0,1,2.5,0
1,1,1,1,1,0,0,0,0,0,0,0,4.1,1
1,1,1,1,1,0,0,0,0,0,0,0,4.1,1
1,1,1,1,1,0,0,0,0,0,0,0,4.1,1
1,1,1,1,1,1,1,1,0,0,1,1,8.3,2
1,1,1,1,1,1,1,1,1,1,1,1,10.0,3
1,1,1,1,0,0,0,0,0,0,0,0,3.3,1
0,1,1,0,1,0,0,0,0,0,0,1,3.3,1
1,1,1,1,1,1,0,1,0,0,0,1,6.6,2
1,1,1,1,0,0,0,0,0,0,0,0,3.3,1
1,1,1,1,1,1,0,0,1,1,1,0,7.5,2
0,0,1,1,0,0,0,0,0,0,0,0,1.7,0
1,1,1,1,0,0,0,0,0,0,0,0,3.3,1
1,1,1,1,1,0,0,0,0,0,0,0,4.1,2
0,1,1,1,0,0,0,0,0,0,0,0,2.5,0
1,1,1,1,1,0,0,0,0,0,0,0,4.1,1
1,1,1,1,1,0,1,1,1,1,0,0,7.5,2
1,0,1,0,1,0,0,0,0,0,0,0,2.5,0
0,1,1,1,1,0,0,1,1,1,0,1,6.6,2
1,0,1,1,1,0,0,0,0,0,0,0,3.3,1
0,1,0,1,1,1,0,0,0,0,0,0,3.3,1
0,1,0,0,1,0,0,0,0,0,0,0,1.7,0
1,1,0,1,0,0,0,0,0,0,0,0,2.5,0
0,1,1,1,1,0,0,0,0,0,0,0,3.3,1
1,1,1,1,1,0,0,0,0,0,0,0,4.1,1
1,1,1,1,1,0,0,0,0,0,0,0,4.1,1
1,1,1,1,1,1,0,1,1,1,1,1,9.2,3
1,1,1,1,1,0,0,0,0,0,0,0,4.1,1
1,1,0,0,1,0,0,0,0,0,0,0,2.5,1
1,0,0,1,1,0,0,0,0,0,0,0,2.5,0
0,0,1,1,1,0,0,0,0,0,1,0,3.3,1
1,1,1,1,0,0,0,0,0,0,0,0,3.3,1
1,1,1,1,1,0,0,0,0,0,0,0,4.1,1
1,1,1,1,0,0,0,0,0,0,0,0,3.3,1
1,1,1,1,0,0,0,0,0,0,0,0,3.3,1
1,1,1,1,1,0,0,0,0,0,0,0,4.1,1
1,1,1,1,1,0,1,1,0,0,1,0,6.6,2
1,1,1,1,1,0,0,0,0,0,0,0,4.1,1
0,1,1,1,1,0,0,0,0,0,0,0,3.3,1
0,1,0,1,0,0,0,0,0,0,0,0,1.7,0
1,1,1,1,1,0,0,0,0,0,0,0,4.1,1
1,1,1,1,1,0,0,0,0,0,0,0,4.1,1
1,1,1,1,1,1,1,0,1,0,1,0,7.5,2
1,0,1,1,1,0,1,0,1,1,0,1,6.6,2
0,1,1,1,1,0,0,0,1,0,0,0,4.1,1
1,1,1,1,0,1,0,0,1,1,0,1,6.6,2
1,1,1,1,1,1,1,1,1,1,1,0,9.2,3
0,1,0,1,1,0,0,0,0,0,0,0,2.5,1
1,1,1,1,1,0,0,0,0,0,0,0,4.1,1
0,1,1,0,1,0,0,0,1,0,0,0,3.3,1
0,0,0,1,1,0,0,0,0,0,0,0,1.7,0
1,1,1,1,1,0,0,0,0,0,0,0,4.1,1
1,1,1,1,1,1,1,1,0,1,1,1,9.2,3
1,1,1,1,0,0,0,0,0,0,0,0,3.3,1
0,1,1,1,0,0,0,0,0,0,0,0,2.5,0
1,1,1,1,1,0,0,0,0,0,0,1,5.0,1
1,1,1,1,1,0,0,0,0,0,0,0,4.1,1
1,1,1,1,0,0,0,0,0,0,0,0,3.3,1
1,1,1,1,1,0,0,0,0,0,0,0,4.1,1
1,1,1,1,1,1,0,1,1,1,1,1,9.2,3
1,1,1,1,0,0,0,0,0,0,0,0,3.3,1
0,0,0,1,1,0,0,0,0,0,0,0,1.7,0
1,1,1,1,1,0,0,0,0,0,0,0,4.1,1
1,1,1,1,1,0,0,0,0,0,0,0,4.1,1
1,1,1,1,1,1,1,1,1,1,1,0,9.2,3
1,1,0,0,1,0,0,0,0,1,0,0,3.3,1
1,1,1,1,1,0,0,0,0,0,0,0,4.1,1
1,1,1,1,1,1,0,0,0,0,0,0,5.0,1
1,1,1,1,0,1,0,0,1,1,1,0,6.6,2
0,1,0,0,1,0,0,0,1,0,0,0,2.5,0
1,0,0,0,1,0,0,0,0,0,0,0,1.7,0
1,1,0,1,1,1,0,1,1,0,1,0,6.6,2
1,1,1,1,1,1,0,1,1,1,1,1,9.2,3
1,1,1,1,1,1,0,0,1,0,1,0,6.6,2
1,1,0,1,1,0,0,0,0,0,0,0,3.3,1
1,1,1,1,0,0,0,0,0,0,1,0,4.1,1
1,1,1,1,1,1,0,1,1,1,1,1,9.2,3
0,1,1,1,1,0,0,0,0,0,0,0,3.3,1
1,1,1,1,1,1,1,0,0,1,1,1,8.3,2
0,1,1,1,1,0,0,0,0,0,0,0,3.3,0
1,1,1,1,1,1,1,1,1,1,1,1,10.0,3
1,1,1,1,0,0,0,0,0,0,1,0,4.1,1
1,1,1,1,1,1,0,0,1,1,1,1,8.3,2
1,1,1,1,0,0,0,0,0,0,0,0,3.3,1
1,1,1,1,1,1,0,0,0,0,1,1,6.6,2
1,1,1,1,1,0,0,1,1,0,1,1,7.5,2
1,1,1,1,0,0,0,0,0,0,1,0,4.1,1
1,1,1,1,1,0,0,0,0,0,0,0,4.1,1
1,1,1,1,0,0,0,0,0,0,0,0,3.3,1
0,0,0,0,1,0,0,0,1,0,0,1,2.5,0
0,1,1,1,1,0,0,0,1,0,0,0,4.1,1
1,1,1,1,0,0,0,0,0,0,0,0,3.3,1
0,1,0,1,1,1,1,0,1,1,1,1,7.5,2
1,1,1,1,0,1,1,1,1,0,1,0,7.5,2
0,1,0,0,0,0,0,0,0,0,0,0,0.8,0
1,1,1,0,1,1,1,1,1,0,0,1,7.5,2
1,1,1,1,1,0,0,0,0,0,0,0,4.1,1
0,1,1,1,0,0,0,0,0,0,1,0,3.3,1
1,0,0,1,1,0,0,0,0,0,0,0,2.5,0
1,1,1,1,1,0,1,0,1,1,1,1,8.3,2
1,1,1,1,0,0,0,0,0,0,0,0,3.3,1
1,1,0,1,1,0,1,0,1,1,1,1,7.5,2
1,1,1,1,0,0,0,0,0,0,0,0,3.3,1
0,1,0,0,1,0,0,0,1,0,0,0,2.5,0
0,1,1,1,1,0,0,0,0,0,0,0,3.3,1
1,1,1,1,1,0,0,1,0,1,0,1,6.6,2
0,1,0,1,0,0,0,0,0,0,0,0,1.7,0
1,1,1,1,0,0,0,0,0,0,0,0,3.3,1
1,1,1,1,1,1,1,1,1,1,1,1,10.0,3
1,1,1,1,1,0,0,0,0,0,0,0,4.1,1
0,0,1,1,1,0,0,0,0,0,0,0,2.5,0
1,0,1,0,0,1,1,1,1,1,1,0,6.6,2
1,1,1,1,1,1,0,0,0,0,0,0,5.0,1
1,1,1,0,1,1,1,0,1,1,1,0,7.5,2
1,1,1,1,1,0,0,0,1,0,0,0,5.0,1
1,1,1,1,0,0,0,0,0,0,0,0,3.3,1
1,1,1,1,1,1,0,1,0,0,1,0,6.6,2
0,0,1,0,1,0,0,0,0,0,0,0,1.7,0
0,1,1,1,1,1,1,0,1,0,1,1,7.5,2
1,1,0,1,0,0,0,0,0,0,0,0,2.5,0
1,1,1,1,0,0,0,0,0,0,0,0,3.3,1
0,1,0,0,1,1,0,0,1,0,0,0,3.3,1
1,1,1,1,0,0,0,0,0,0,0,0,3.3,1
1,1,1,1,1,0,0,0,0,0,0,0,4.1,1
1,1,0,1,1,0,0,0,0,0,0,0,3.3,1
0,1,1,1,1,0,0,0,0,0,0,0,3.3,1
1,1,1,1,0,0,0,0,0,0,0,0,3.3,1
1,1,1,1,1,0,0,0,0,0,0,0,4.1,1
0,1,1,1,0,0,0,0,0,0,1,0,3.3,1
0,0,1,1,1,0,0,0,0,0,0,0,2.5,0
1,1,1,1,1,1,1,1,1,0,1,1,9.2,3
1,1,1,1,0,0,0,0,0,0,0,0,3.3,1
1,1,1,1,1,1,1,0,1,1,1,1,9.2,3
0,1,1,1,0,0,0,0,0,0,1,0,3.3,1
1,1,1,0,1,1,0,0,1,1,1,0,6.6,2
1,0,0,1,1,0,0,0,0,0,0,0,2.5,0
1,1,1,1,1,0,0,0,0,0,0,1,5.0,1
0,0,0,0,1,0,0,0,0,0,0,0,0.8,0
0,1,1,1,1,0,0,0,0,0,0,0,3.3,1
1,1,1,1,1,1,1,0,1,1,1,1,9.2,3
0,1,0,0,1,0,0,0,0,0,0,0,1.7,0
0,0,0,1,1,0,0,0,0,0,0,0,1.7,0
0,1,1,0,1,0,0,0,1,0,0,0,3.3,1
0,1,1,1,0,0,0,0,0,0,0,0,2.5,0
0,0,0,1,0,0,0,0,1,0,0,0,1.7,0
1,1,1,1,1,1,1,0,1,1,1,1,9.2,3
1,1,1,1,1,0,0,0,0,0,0,0,4.1,1
1,1,1,1,1,0,0,0,0,0,0,0,4.1,1
1,1,1,1,0,0,0,0,0,0,0,0,3.3,1
1,1,1,0,1,0,0,0,0,0,0,1,4.1,1
1,1,1,1,1,0,1,1,0,0,0,1,6.6,2
0,1,0,1,1,0,0,0,0,0,0,0,2.5,0
1,1,1,1,1,0,1,0,1,0,1,0,6.6,2
1,0,1,1,1,0,0,0,0,0,0,0,3.3,1
1,1,1,1,0,0,0,0,0,0,0,0,3.3,1
0,1,1,1,1,0,0,0,0,0,0,0,3.3,1
1,1,1,1,1,1,1,1,1,1,1,0,9.2,3
1,1,1,1,0,0,0,0,0,0,1,0,4.1,1
0,1,1,1,0,0,0,0,0,0,0,0,2.5,0
1,1,1,1,1,0,0,0,0,0,0,0,4.1,1
1,1,1,1,0,0,0,0,0,0,0,0,3.3,1
1,1,1,1,1,0,0,0,0,0,0,0,4.1,1
1,0,0,0,1,0,0,0,0,0,0,1,2.5,1
1,1,1,1,0,0,0,0,0,0,0,0,3.3,1
1,1,1,1,1,0,1,0,1,1,1,1,8.3,2
0,1,1,1,1,0,0,0,0,0,0,0,3.3,1
1,1,1,1,1,0,1,1,1,1,1,1,9.2,3
1,1,1,1,1,0,0,0,0,0,1,0,5.0,1
1,1,0,1,0,0,0,0,0,0,0,0,2.5,0
1,1,1,1,1,0,0,0,0,0,0,0,4.1,1
1,1,0,1,1,0,0,0,0,0,0,0,3.3,1
1,1,1,1,1,0,0,0,0,0,0,0,4.1,1
1,1,1,1,0,0,0,0,0,0,0,0,3.3,1
1,1,0,1,1,0,0,0,0,0,0,0,3.3,1
0,1,1,0,1,0,0,0,1,1,0,0,4.1,1
1,1,1,1,0,0,0,0,0,0,0,0,3.3,1
1,1,1,1,0,0,0,0,0,0,0,0,3.3,1
1,1,1,1,1,1,1,0,1,1,1,1,9.2,3
0,1,1,1,1,0,0,0,0,0,0,0,3.3,1
1,1,1,1,0,0,0,0,0,0,0,0,3.3,1
1,1,1,1,1,1,1,1,1,1,1,1,10.0,3
1,1,1,1,1,0,0,0,0,0,0,0,4.1,1
1,1,1,1,1,0,1,0,0,1,1,1,7.5,2
1,0,0,0,1,0,0,0,1,0,0,0,2.5,0
1,1,1,1,1,1,0,1,1,1,0,1,8.3,2
1,1,1,1,0,0,0,0,0,0,1,0,4.1,1
1,1,1,1,1,0,0,0,0,0,0,0,4.1,1
1,0,1,1,1,1,1,1,1,1,1,0,8.3,2
1,0,1,1,0,1,0,1,1,1,1,1,7.5,2
1,1,1,1,0,0,0,0,0,0,0,0,3.3,1
1,1,1,1,1,0,0,0,0,0,0,0,4.1,1
1,1,1,1,1,0,1,0,0,1,1,1,7.5,2
0,1,1,1,1,0,0,0,0,0,0,0,3.3,1
1,1,0,1,0,0,0,0,0,0,0,0,2.5,0
1,1,1,1,1,0,0,0,0,0,0,0,4.1,1
1,1,1,1,1,1,1,1,1,1,1,1,10.0,3
1,1,0,0,1,0,0,0,0,1,0,0,3.3,1
1,1,1,1,1,1,1,1,1,1,1,1,10.0,3
1,1,1,1,1,1,0,0,0,0,0,0,5.0,1
0,1,0,1,0,0,0,0,0,0,0,0,1.7,0
1,1,1,1,1,1,0,1,1,0,1,1,8.3,2
0,0,0,0,1,0,0,0,0,0,0,0,0.8,0
1,1,1,1,1,1,1,1,0,0,1,1,8.3,2
0,0,0,0,1,0,0,0,0,1,0,0,1.7,0
1,1,1,1,1,0,0,0,0,0,0,0,4.1,1
1,1,1,1,1,1,1,1,1,1,0,1,9.2,3
1,1,1,1,1,0,0,0,0,0,0,0,4.1,1
0,1,0,1,0,0,0,0,1,0,0,0,2.5,0
1,1,1,1,1,1,0,1,1,1,1,1,9.2,3
1,0,0,0,1,0,0,0,0,1,0,0,2.5,0
0,0,0,0,0,0,0,0,1,0,0,0,0.8,0
0,1,0,0,1,0,0,0,0,0,0,0,1.7,0
0,1,1,1,1,0,0,0,0,0,0,0,3.3,1
1,1,1,1,1,0,0,0,0,0,0,0,4.1,1
0,1,0,1,0,0,0,0,0,0,0,0,1.7,0
1,0,0,1,1,0,0,0,0,0,0,0,2.5,0
1,0,0,1,1,0,0,0,0,0,0,0,2.5,0
1,1,1,1,1,0,0,0,0,0,0,0,4.1,1
1,1,0,1,1,0,0,0,0,0,0,0,3.3,1
1,0,0,1,1,0,1,1,0,1,1,1,6.6,2
1,1,1,1,0,0,0,0,0,0,0,0,3.3,1
0,1,1,1,1,0,0,0,0,0,0,0,3.3,1
1,1,1,1,1,0,0,0,1,0,0,0,5.0,1
1,1,1,1,1,0,0,0,0,0,0,0,4.1,1
1,1,1,1,1,1,1,0,1,1,1,1,9.2,3
1,1,1,1,1,1,1,1,1,1,1,1,10.0,3
1,1,1,1,1,0,0,0,0,0,1,0,5.0,1
1,1,0,1,1,0,0,0,0,0,1,0,4.1,1
1,1,1,1,1,0,0,0,0,0,0,0,4.1,1
1,1,1,1,0,0,0,0,0,0,0,0,3.3,1
1,1,1,1,0,0,0,0,0,0,0,0,3.3,1
0,0,0,0,1,0,0,0,0,0,0,0,0.8,0
1,1,0,1,0,0,0,0,0,0,0,0,2.5,0
1,1,1,1,0,0,0,0,0,0,0,0,3.3,1
1,1,1,1,0,0,0,0,0,0,0,0,3.3,1
1,1,1,1,0,0,0,0,0,0,0,0,3.3,1
1,1,1,1,0,1,0,0,1,1,0,0,5.8,1
1,1,1,1,1,1,1,1,1,1,1,1,10.0,3
0,0,0,0,1,1,0,0,0,0,0,1,2.5,0
1,1,1,1,1,0,0,0,0,0,0,0,4.1,1
0,0,0,1,1,0,0,0,1,1,0,0,3.3,1
1,1,1,1,1,0,1,1,0,1,1,0,7.5,2
1,1,0,1,1,0,0,0,0,0,1,0,4.1,1
1,1,1,1,1,1,1,1,1,0,1,1,9.2,3
0,0,0,0,1,1,0,0,0,0,0,1,2.5,0
0,1,0,0,0,0,0,0,1,1,0,0,2.5,0
1,1,1,1,1,0,0,0,0,0,0,0,4.1,1
0,0,0,0,1,0,0,0,0,0,0,0,0.8,0
1,0,0,0,1,0,0,0,0,0,0,0,1.7,0
1,1,1,1,1,0,0,0,0,0,0,0,4.1,1
1,1,1,1,1,1,0,1,1,1,1,0,8.3,2
0,0,0,1,1,0,0,0,0,0,0,0,1.7,0
1,0,1,1,1,1,1,1,1,0,0,0,6.6,2
1,1,1,1,1,0,0,0,0,0,0,0,4.1,1
1,1,1,1,1,0,0,0,0,0,0,0,4.1,1
1,1,1,1,0,0,0,0,0,0,1,0,4.1,1
1,0,0,1,1,0,0,0,0,0,0,0,2.5,0
1,1,1,1,1,0,1,1,1,1,1,1,9.2,3
0,1,0,1,1,0,0,0,0,0,1,0,3.3,0
1,1,1,1,1,1,0,1,1,1,1,1,9.2,3
1,1,1,1,0,0,0,0,0,0,0,0,3.3,1
1,1,1,1,0,0,0,0,0,0,0,0,3.3,1
1,1,1,1,1,0,0,1,1,1,1,0,7.5,2
1,1,1,1,1,1,1,1,1,1,0,0,8.3,2
0,1,1,1,1,0,0,0,0,0,0,0,3.3,0
0,0,0,1,1,0,0,0,0,0,0,0,1.7,0
1,1,0,1,0,0,0,0,0,0,0,0,2.5,0
1,1,1,1,1,1,0,0,0,0,0,0,5.0,1
1,0,0,0,1,0,0,0,1,0,0,0,2.5,0
0,1,1,0,1,0,0,0,1,0,0,0,3.3,1
1,1,1,1,0,0,0,0,0,0,0,0,3.3,1
1,1,1,1,0,0,0,0,0,0,0,0,3.3,0
1,1,1,1,1,0,0,0,0,0,0,0,4.1,1
0,1,1,1,1,0,0,0,0,0,0,0,3.3,1
1,1,1,1,0,0,0,0,0,0,0,0,3.3,1
0,0,0,1,0,0,0,0,1,0,0,0,1.7,0
1,0,0,1,1,0,0,0,0,0,0,0,2.5,1
0,1,1,1,0,1,0,0,0,0,0,0,3.3,1
1,1,1,1,1,0,0,0,0,0,0,0,4.1,1
1,1,1,1,1,0,1,1,1,1,1,1,9.2,3
0,1,0,0,1,0,0,0,0,0,0,0,1.7,0
1,1,1,1,1,0,0,0,1,0,0,0,5.0,1
0,0,0,0,1,0,0,0,0,0,0,1,1.7,0
0,1,0,1,1,0,0,0,0,0,0,0,2.5,1
1,1,1,1,1,1,1,1,1,1,0,1,9.2,3
1,1,1,1,1,0,0,0,0,0,1,0,5.0,1
1,1,1,1,1,0,0,0,0,0,0,0,4.1,1
1,0,0,1,1,0,0,0,0,0,0,0,2.5,0
1,1,1,1,1,1,1,1,1,0,1,1,9.2,3
0,1,1,1,1,0,0,0,0,0,0,0,3.3,1
1,1,1,1,1,0,0,0,0,0,0,0,4.1,1
1,0,0,1,1,0,0,0,0,0,0,0,2.5,0
1,1,1,1,1,0,0,0,0,0,0,0,4.1,1
1,1,1,1,0,0,0,0,0,0,0,0,3.3,1
1,1,1,1,1,0,0,0,0,0,0,0,4.1,1
1,1,1,1,0,1,0,1,0,1,0,1,6.6,2
1,1,1,1,1,0,0,0,0,0,0,0,4.1,1
0,0,0,1,1,0,0,0,0,0,0,0,1.7,0
1,1,1,1,0,1,1,0,1,1,0,1,7.5,2
1,0,0,0,0,0,0,0,1,1,0,0,2.5,0
0,0,0,0,1,0,0,0,0,0,0,0,0.8,0
1,1,0,1,1,0,0,0,0,0,0,0,3.3,1
0,1,0,1,0,0,0,0,0,0,0,0,1.7,0
1,1,1,1,0,0,0,0,0,0,0,0,3.3,1
1,1,1,1,0,0,0,0,0,0,1,0,4.1,1
1,1,1,1,1,0,0,0,0,0,0,0,4.1,1
1,1,1,1,1,1,1,1,0,1,1,1,9.2,3
0,1,0,0,0,0,0,0,0,0,0,0,0.8,0
1,1,1,1,1,1,1,1,0,1,1,1,9.2,3
1,1,1,1,1,0,0,0,0,0,0,0,4.1,1
1,1,1,1,1,1,1,0,1,0,0,1,7.5,2
1,1,1,1,1,1,1,1,1,1,1,0,9.2,3
1,1,1,1,0,0,0,0,0,0,1,0,4.1,1
0,0,0,0,1,0,0,0,0,0,1,0,1.7,0
0,1,1,1,1,1,0,0,0,0,0,0,4.1,1
0,1,1,1,0,0,0,0,0,0,1,0,3.3,1
0,1,1,1,1,0,0,0,0,0,0,0,3.3,1
1,1,1,1,0,0,0,0,0,0,0,0,3.3,1
0,0,0,1,1,0,0,0,0,0,0,0,1.7,0
1,1,1,0,1,1,1,0,1,1,0,1,7.5,2
1,1,1,1,0,0,0,0,0,0,0,0,3.3,1
1,1,1,1,1,1,0,1,1,1,0,0,7.5,2
0,1,1,1,0,0,0,0,0,0,0,0,2.5,1
1,0,0,0,1,0,0,0,0,0,0,0,1.7,0
1,1,1,1,0,1,1,1,1,1,1,1,9.2,3
1,1,1,1,0,0,0,0,0,0,1,0,4.1,1
1,1,1,1,0,0,0,0,0,0,0,0,3.3,1
0,1,1,1,1,0,0,0,0,0,0,1,4.1,1
0,1,0,0,1,0,0,0,1,0,0,0,2.5,0
1,1,1,1,1,1,1,0,0,0,1,0,6.6,2
1,1,1,1,1,0,0,0,0,0,1,0,5.0,1
0,1,0,0,0,0,0,0,0,0,0,0,0.8,0
0,1,1,1,1,0,0,0,0,0,0,0,3.3,1
1,1,1,1,1,0,0,0,0,0,0,0,4.1,1
0,1,1,1,1,0,0,0,1,1,0,0,5.0,1
1,1,1,1,1,0,0,0,0,0,1,0,5.0,1
1,1,1,1,1,0,0,0,0,0,0,0,4.1,1
0,0,0,0,0,0,0,0,1,0,0,0,0.8,0
0,1,1,1,0,0,0,0,0,0,0,0,2.5,0
1,1,1,1,1,0,0,0,0,0,0,0,4.1,1
0,0,0,0,1,0,0,0,0,0,0,0,0.8,0
1,1,1,1,1,0,1,1,1,1,1,1,9.2,3
0,0,0,0,1,0,0,0,1,1,0,0,2.5,0
0,0,0,0,0,0,0,0,1,0,0,0,0.8,0
1,1,1,1,1,1,1,1,1,1,0,0,8.3,2
1,1,1,1,1,1,1,1,1,1,1,0,9.2,3
0,0,1,0,1,0,0,0,0,0,0,0,1.7,0
0,0,1,0,1,0,0,0,0,0,0,0,1.7,0
1,1,1,1,0,0,0,0,0,0,0,0,3.3,1
1,1,0,1,0,0,0,0,0,0,0,0,2.5,0
1,1,1,1,1,1,0,1,1,1,1,1,9.2,3
1,1,0,1,0,0,0,0,0,0,0,0,2.5,0
1,1,0,1,1,1,0,0,1,1,0,1,6.6,1
1,1,1,1,1,0,0,0,0,0,0,0,4.1,1
0,1,1,1,1,0,0,0,0,0,0,0,3.3,1
1,1,1,1,0,1,0,0,1,0,0,0,5.0,1
0,1,0,1,0,0,0,0,0,0,0,0,1.7,0
0,1,1,1,1,0,0,0,1,1,1,1,6.6,2
1,1,1,1,1,1,1,1,1,0,1,1,9.2,3
1,1,1,1,1,0,0,0,0,0,0,0,4.1,1
0,1,0,0,0,0,0,0,0,0,0,0,0.8,0
0,1,1,1,1,0,0,0,0,0,0,0,3.3,1
0,1,0,1,1,0,0,0,0,0,0,0,2.5,0
0,1,1,0,1,0,0,0,0,0,0,0,2.5,1
1,1,1,1,1,1,1,1,1,1,1,1,10.0,3
1,0,0,1,1,0,0,0,0,0,0,0,2.5,0
1,0,0,1,1,0,0,0,0,0,0,0,2.5,0
1,1,1,1,0,0,0,0,0,0,0,0,3.3,1
1,1,1,1,1,1,1,1,1,1,1,0,9.2,3
1,1,1,1,1,1,0,1,1,0,0,0,6.6,2
1,1,1,1,1,0,0,1,0,1,0,1,6.6,2
1,1,1,1,1,0,0,1,0,1,1,1,7.5,2
1,1,1,1,1,1,0,1,1,1,1,1,9.2,3
1,1,1,1,1,0,0,0,0,0,0,0,4.1,1
1,1,1,1,1,0,0,0,0,0,0,0,4.1,1
1,1,1,1,1,1,0,0,0,0,0,0,5.0,1
0,1,1,1,1,1,0,0,0,0,0,0,4.1,1
0,1,1,1,1,0,0,0,0,0,0,0,3.3,1
0,1,0,0,1,0,0,0,1,0,0,0,2.5,0
1,1,1,1,1,0,0,0,0,0,0,0,4.1,1
1,1,1,1,1,1,1,1,1,1,0,1,9.2,3
1,1,1,1,1,0,0,1,1,1,1,1,8.3,2
0,0,0,1,0,0,0,0,0,0,0,0,0.8,0
1,1,1,1,1,0,0,0,0,0,0,0,4.1,1
1,1,1,1,0,0,0,0,0,0,0,0,3.3,1
0,0,0,0,1,0,0,0,1,1,0,0,2.5,0
1,1,1,1,1,0,1,1,1,1,1,1,9.2,3
0,1,1,1,1,0,0,0,0,0,0,0,3.3,1
1,1,1,1,0,1,1,1,1,0,1,0,7.5,2
0,1,1,1,1,0,0,0,0,0,0,0,3.3,1
1,1,1,1,1,0,0,0,0,0,0,0,4.1,1
1,1,1,1,1,1,1,0,1,1,1,1,9.2,3
1,1,1,1,1,1,1,1,0,0,1,0,7.5,2
1,1,1,1,0,0,0,0,0,0,0,0,3.3,1
1,1,0,1,0,0,0,0,0,0,0,0,2.5,0
1,1,1,1,1,0,0,0,0,0,0,0,4.1,1
1,1,0,1,1,1,0,0,1,0,1,1,6.6,2
1,1,1,1,1,0,0,0,0,0,0,0,4.1,1
1,1,1,0,1,1,1,1,1,0,1,1,8.3,2
1,1,0,1,0,0,0,0,0,0,0,0,2.5,0
1,1,1,1,1,0,0,0,0,0,0,0,4.1,1
1,1,1,1,1,1,1,1,1,1,0,1,9.2,3
0,1,0,1,1,0,0,0,0,0,0,0,2.5,0
1,1,1,1,0,0,0,0,1,0,1,0,5.0,1
1,1,1,1,0,0,0,0,0,0,0,0,3.3,1
0,1,1,0,1,1,0,0,0,0,0,0,3.3,1
1,1,0,1,0,0,0,0,0,0,0,0,2.5,0
1,1,1,1,1,1,1,1,1,1,1,1,10.0,3
1,1,1,1,1,0,0,0,0,0,0,0,4.1,1
0,0,1,1,1,0,0,0,0,0,0,0,2.5,0
0,1,0,1,1,0,0,0,0,0,1,0,3.3,1
1,1,1,0,1,1,1,0,0,0,1,1,6.6,1
1,1,1,1,0,0,0,0,0,0,0,0,3.3,1
0,1,1,0,0,0,0,0,1,0,0,0,2.5,0
0,1,0,0,1,0,0,0,0,0,0,0,1.7,0
1,1,1,1,0,0,0,0,0,0,0,0,3.3,1
1,1,1,1,1,0,0,0,0,0,0,0,4.1,1
1,1,1,1,1,1,0,1,1,1,1,1,9.2,3
1,1,1,0,1,1,0,0,0,0,0,1,5.0,1
1,1,1,1,1,0,0,0,0,0,0,0,4.1,1
1,1,1,1,1,0,0,1,1,0,0,1,6.6,2
1,1,1,1,1,1,0,1,1,0,1,1,8.3,2
1,1,1,1,1,1,1,1,1,1,0,1,9.2,3
1,0,0,0,1,0,0,0,0,0,0,0,1.7,0
1,1,1,1,1,0,0,0,0,0,0,0,4.1,1
1,1,1,1,1,1,1,1,0,0,1,1,8.3,2
1,0,0,1,1,0,0,0,0,0,0,0,2.5,0
0,1,0,1,0,0,0,0,0,0,0,0,1.7,0
0,0,0,0,0,0,0,0,0,0,1,1,1.7,0
1,1,1,1,0,0,0,1,1,1,1,1,7.5,2
1,1,1,1,0,0,0,0,0,0,0,0,3.3,1
0,1,1,1,0,0,0,0,0,0,0,0,2.5,0
0,1,1,1,1,0,0,0,0,0,0,0,3.3,1
0,0,1,0,0,0,0,0,1,1,0,0,2.5,0
1,1,1,1,0,0,0,0,0,0,0,0,3.3,1
1,1,1,1,1,0,0,0,0,0,0,0,4.1,1
1,1,1,1,0,0,0,0,0,0,1,0,4.1,1
1,1,1,1,1,0,0,0,0,0,0,0,4.1,1
0,1,0,0,1,1,0,0,0,0,0,0,2.5,1
0,1,1,1,1,0,0,0,0,0,0,0,3.3,1
1,1,1,1,1,1,1,0,1,1,0,1,8.3,2
1,1,0,1,1,0,0,0,0,0,0,0,3.3,1
0,1,1,1,0,0,0,0,0,0,0,0,2.5,0
1,1,1,1,0,0,0,0,0,0,0,0,3.3,1
1,1,1,1,0,0,0,0,0,0,0,0,3.3,1
1,1,1,1,1,0,1,0,1,1,1,1,8.3,2
0,1,1,1,0,0,0,0,0,0,1,0,3.3,1
0,0,0,0,0,0,0,0,0,0,0,0,0.0,0
0,1,1,1,1,0,0,0,0,0,0,0,3.3,1
1,1,1,0,1,1,0,0,0,0,0,1,5.0,1
1,1,1,1,1,0,0,0,0,0,0,0,4.1,1
0,1,1,1,0,1,0,0,0,0,0,0,3.3,1
1,1,1,1,1,0,0,0,0,0,0,0,4.1,1
1,0,0,1,1,0,0,0,0,0,0,0,2.5,0
0,0,0,0,1,0,0,0,0,0,0,0,0.8,0
1,1,1,1,1,0,0,0,0,0,0,0,4.1,1
0,1,1,1,1,0,0,0,1,1,1,1,6.6,2
1,1,1,1,1,1,1,1,1,1,1,1,10.0,3
0,1,1,1,1,0,0,0,0,0,0,0,3.3,1
1,1,1,1,1,0,0,0,0,0,0,0,4.1,1
1,1,0,1,1,0,0,0,0,0,0,0,3.3,1
1,1,1,1,1,0,0,0,0,0,0,0,4.1,1
0,1,1,0,1,1,1,1,0,1,0,1,6.6,2
0,0,0,0,1,0,0,0,1,1,0,0,2.5,0
1,1,0,1,0,0,0,0,0,0,1,0,3.3,1
1,1,1,1,1,1,1,1,1,1,1,1,10.0,3
0,0,0,0,1,0,0,0,1,0,0,0,1.7,0
1,1,1,1,1,0,0,0,0,0,0,0,4.1,1
1,1,1,1,0,0,0,0,0,0,0,0,3.3,1
0,1,0,1,0,0,0,0,0,0,0,0,1.7,0
1,1,1,1,1,0,1,1,0,0,1,1,7.5,2
1,1,1,1,1,1,1,0,1,1,1,0,8.3,2
1,1,1,1,1,1,1,0,1,1,1,1,9.2,3
1,1,0,0,1,0,0,0,0,0,0,0,2.5,0
1,0,0,1,1,0,0,0,0,0,0,0,2.5,0
0,0,0,0,1,0,0,0,0,0,0,0,0.8,0
1,1,1,1,1,0,0,0,0,0,0,0,4.1,1
1,1,1,1,0,0,0,0,0,0,0,0,3.3,1
1,1,1,1,1,0,0,0,0,0,0,0,4.1,1
0,1,1,1,1,0,0,0,0,0,0,0,3.3,1
0,1,0,0,0,0,0,0,1,0,0,0,1.7,0
1,1,1,1,1,1,1,1,0,1,1,0,8.3,2
0,1,1,1,1,0,0,0,0,0,0,0,3.3,1
1,1,1,1,1,1,1,0,1,1,1,1,9.2,3
1,1,1,1,1,1,1,1,1,0,1,1,9.2,3
0,1,1,1,1,0,0,0,0,0,0,0,3.3,1
1,1,1,1,1,1,1,1,1,1,0,1,9.2,3
1,1,1,1,1,1,0,0,0,0,0,0,5.0,1
1,1,1,1,1,0,1,1,1,0,0,1,7.5,2
1,1,1,1,1,0,0,0,0,0,0,0,4.1,1
0,1,1,1,1,0,0,0,0,0,0,0,3.3,1
0,1,0,1,0,0,0,0,0,0,0,0,1.7,0
1,1,1,1,1,0,0,0,0,0,0,0,4.1,1
1,1,1,1,1,0,0,0,0,0,1,0,5.0,1
1,1,1,1,1,0,0,0,0,0,0,0,4.1,1
1,1,1,1,1,0,0,0,0,0,0,0,4.1,2
0,1,1,0,1,1,0,0,1,0,0,0,4.1,1
1,0,0,1,1,0,0,0,0,0,0,0,2.5,0
1,1,1,1,0,0,0,0,0,0,0,0,3.3,1
1,1,1,1,1,0,0,0,0,0,0,0,4.1,1
0,0,0,1,1,0,0,0,0,0,0,0,1.7,0
1,1,1,1,1,0,1,1,1,1,1,1,9.2,3
1,1,0,1,1,0,0,0,0,0,0,0,3.3,1
1,1,1,1,0,0,0,0,0,0,0,0,3.3,1
0,0,1,1,1,0,0,0,0,0,0,0,2.5,0
1,1,1,1,0,0,0,0,0,0,0,0,3.3,1
1,1,1,1,0,0,0,0,0,0,0,0,3.3,1
1,1,0,1,1,0,0,0,0,0,0,0,3.3,1
0,1,1,1,0,0,0,0,0,0,0,0,2.5,0
0,1,1,0,0,0,0,0,0,0,1,0,2.5,0
1,1,0,1,0,0,0,0,0,0,0,0,2.5,0
1,1,1,1,0,0,0,0,0,0,0,0,3.3,1
1,1,1,1,0,1,0,1,0,1,1,0,6.6,2
0,1,0,0,1,0,0,0,1,0,0,0,2.5,0
1,0,1,1,1,1,0,0,0,0,0,0,4.1,1
1,0,0,1,1,0,0,0,0,0,0,0,2.5,0
0,1,0,1,1,0,0,0,1,0,0,0,3.3,1
1,1,1,1,0,0,0,0,0,0,1,0,4.1,1
0,1,1,1,0,0,0,0,0,0,0,0,2.5,0
0,0,0,0,1,0,0,0,1,0,0,0,1.7,0
0,0,0,1,1,0,0,0,0,0,0,1,2.5,0
1,1,1,1,1,0,0,0,0,0,0,0,4.1,1
1,0,1,1,1,0,0,0,0,0,0,0,3.3,1
1,1,1,1,1,1,0,1,1,1,1,1,9.2,3
0,1,1,1,1,1,1,1,0,0,1,0,6.6,2
1,1,1,1,1,1,1,1,1,1,0,1,9.2,3
1,1,1,1,0,0,0,0,0,0,1,0,4.1,1
1,0,1,1,1,0,0,0,0,0,0,0,3.3,1
1,1,1,1,1,0,0,0,0,0,0,0,4.1,1
1,1,1,1,1,0,1,1,0,1,0,0,6.6,2
1,1,1,1,0,1,0,0,1,0,0,0,5.0,1
0,1,1,1,1,0,1,0,1,1,0,1,6.6,2
0,1,1,1,1,0,0,0,0,0,0,0,3.3,1
1,1,1,1,0,0,0,0,0,0,0,0,3.3,0
0,1,1,1,1,0,0,0,0,0,0,0,3.3,1
0,0,0,1,1,1,0,0,0,0,0,1,3.3,1
1,1,0,1,1,0,0,0,0,0,0,0,3.3,1
1,1,1,1,1,1,0,1,1,1,1,1,9.2,3
1,1,1,1,1,0,0,0,0,0,0,0,4.1,1
0,1,1,1,1,0,0,0,0,0,0,0,3.3,1
1,1,1,1,0,0,0,0,0,0,0,0,3.3,1
1,1,1,1,1,1,0,0,1,1,1,0,7.5,2
0,0,0,0,1,1,0,0,0,0,0,0,1.7,0
1,1,1,1,1,0,0,1,0,1,1,1,7.5,2
1,1,0,0,1,1,0,1,1,1,1,0,6.6,2
1,1,0,0,1,0,0,0,0,1,0,0,3.3,1
1,1,1,1,1,1,1,1,1,1,1,0,9.2,3
1,1,0,1,1,0,0,0,0,0,0,0,3.3,1
0,1,1,1,1,0,0,0,0,0,0,0,3.3,1
1,1,0,1,1,0,0,0,0,0,0,0,3.3,1
0,1,1,1,1,0,0,0,0,0,0,0,3.3,1
1,1,1,1,1,0,0,0,0,0,0,0,4.1,1
0,0,1,0,1,1,0,0,0,0,0,0,2.5,0
0,0,0,0,1,0,0,0,0,0,0,0,0.8,0
1,1,1,1,1,0,0,0,0,0,0,0,4.1,1
1,1,1,1,0,1,0,0,0,1,1,1,6.6,2
0,1,0,1,1,0,0,0,0,0,0,0,2.5,0
1,1,1,1,0,0,0,0,0,0,0,0,3.3,1
1,1,1,1,0,0,0,0,0,0,0,0,3.3,1
1,1,1,1,0,0,0,0,0,0,0,0,3.3,1
1,1,0,1,1,0,0,0,0,0,0,0,3.3,1
0,0,0,0,1,0,0,0,1,1,0,0,2.5,0
0,1,1,1,1,1,1,0,0,0,1,1,6.6,2
1,1,1,1,1,1,0,1,1,1,1,0,8.3,2
1,0,0,0,1,0,0,0,1,0,0,0,2.5,0
1,0,1,1,1,1,1,1,1,0,1,0,7.5,2
0,0,0,0,0,0,0,0,0,0,1,0,0.8,0
0,0,0,0,0,0,0,0,1,0,0,0,0.8,0
0,1,0,0,1,0,0,0,0,0,0,0,1.7,0
0,1,0,0,0,0,0,0,1,1,0,1,3.3,1
1,0,0,1,1,0,0,0,0,0,0,0,2.5,0
1,1,1,1,1,0,0,0,0,0,0,0,4.1,1
1,1,1,1,1,1,1,1,0,1,1,1,9.2,3
1,1,1,1,0,0,0,0,0,0,0,0,3.3,1
1,1,1,1,1,1,1,1,1,1,1,1,10.0,3
1,1,0,1,1,0,0,0,0,0,0,0,3.3,1
1,1,1,1,1,0,0,0,0,0,0,0,4.1,1
1,0,0,0,1,0,0,0,1,0,0,0,2.5,0
0,0,0,0,1,0,0,0,0,0,0,0,0.8,0
1,1,0,0,1,0,0,0,0,0,0,0,2.5,0
1,1,1,1,1,1,1,0,1,1,1,0,8.3,2
1,1,1,1,1,0,0,0,0,0,0,0,4.1,1
1,1,1,1,0,0,0,0,0,0,0,0,3.3,1
1,1,1,1,1,1,1,1,0,0,1,0,7.5,2
1,1,1,1,1,1,0,0,1,1,1,0,7.5,2
0,0,1,1,1,1,1,1,1,1,0,1,7.5,2
1,1,1,1,1,1,0,0,0,0,1,0,5.8,1
1,0,0,1,1,0,0,0,0,0,0,0,2.5,0
1,0,1,1,1,0,0,0,1,1,0,0,5.0,1
1,1,1,1,0,0,0,0,0,0,0,0,3.3,1
1,1,1,1,1,0,1,0,1,1,0,0,6.6,2
0,0,0,0,1,1,0,0,0,0,0,1,2.5,0
0,1,1,1,1,0,0,0,0,0,0,0,3.3,1
0,0,0,1,0,0,0,0,1,0,0,0,1.7,0
0,1,1,1,1,0,0,1,0,1,1,1,6.6,2
1,1,1,0,1,1,0,0,0,0,0,0,4.1,1
1,0,0,1,1,0,0,0,0,0,0,0,2.5,0
1,1,1,1,0,0,0,0,0,0,0,0,3.3,1
1,1,1,1,1,1,1,1,1,1,1,1,10.0,3
0,1,0,0,0,0,0,0,1,0,0,0,1.7,0
0,1,0,0,1,0,0,0,1,0,0,0,2.5,0
1,1,1,1,1,0,0,0,1,1,1,0,6.6,2
1,1,1,1,1,1,1,0,0,1,1,0,7.5,2
0,0,0,1,1,0,0,0,0,0,0,0,1.7,0
1,1,1,1,1,0,0,0,0,0,0,0,4.1,1
1,0,1,1,1,0,0,0,1,1,0,0,5.0,0
1,0,1,1,1,0,1,0,1,0,1,1,6.6,2
1,0,1,1,1,0,0,0,1,1,0,0,5.0,1
1,1,1,1,1,0,0,0,1,0,1,1,6.6,2
1,1,0,1,0,0,0,0,0,0,0,0,2.5,0
1,0,0,1,1,0,0,0,0,0,0,0,2.5,0
1,1,1,1,1,1,0,1,1,1,1,0,8.3,2
1,1,1,1,0,0,0,0,0,0,0,0,3.3,1
1,1,1,1,1,0,0,0,0,0,0,0,4.1,1
1,0,1,1,1,0,0,0,0,0,0,0,3.3,1
1,0,0,0,1,0,0,0,0,0,0,1,2.5,0
1,1,1,1,1,0,0,0,0,0,1,0,5.0,1
1,1,1,1,1,0,0,0,0,0,0,0,4.1,1
1,1,1,1,0,0,0,0,0,0,0,0,3.3,1
1,1,1,1,1,0,0,0,0,1,1,1,6.6,2
0,1,1,1,1,0,1,0,1,0,1,1,6.6,2
1,1,1,1,0,1,0,0,1,1,1,1,7.5,2
1,1,1,1,0,0,0,0,0,0,0,0,3.3,1
1,1,1,1,1,1,1,0,1,1,1,0,8.3,2
1,1,1,1,0,0,0,0,1,0,0,0,4.1,1
1,1,1,1,1,0,1,0,0,1,1,0,6.6,2
1,1,1,1,1,0,0,0,0,0,0,0,4.1,1
1,1,1,1,1,0,0,0,0,0,0,0,4.1,1
1,1,1,1,1,1,1,1,1,1,1,1,10.0,3
0,1,1,1,0,0,0,0,0,0,1,0,3.3,1
0,0,0,0,1,0,0,0,1,0,0,0,1.7,0
0,0,0,0,1,0,0,0,0,0,0,0,0.8,0
1,1,1,1,0,0,0,0,0,0,0,0,3.3,1
1,1,1,1,1,0,0,0,0,0,0,0,4.1,1
1,1,0,1,0,0,0,0,0,0,0,0,2.5,0
0,1,1,1,1,0,0,0,0,0,0,0,3.3,1
0,0,0,0,1,0,0,0,1,0,0,0,1.7,0
1,1,1,1,0,0,0,0,0,0,0,0,3.3,1
0,1,0,1,1,0,0,0,0,0,1,0,3.3,0
1,1,1,1,1,1,1,1,1,1,0,1,9.2,3
1,1,1,1,1,0,1,1,0,1,1,1,8.3,2
1,0,1,1,0,1,1,1,1,0,0,1,6.6,2
0,0,0,0,0,0,0,0,0,0,0,0,0.0,0
1,1,1,1,1,0,0,0,0,0,0,0,4.1,1
0,0,0,0,1,0,0,0,0,0,0,0,0.8,0
1,1,1,1,1,0,0,0,0,0,0,0,4.1,1
1,1,1,1,0,0,0,0,0,0,0,0,3.3,1
1,1,1,1,0,0,0,0,0,0,1,0,4.1,1
1,0,0,1,1,0,0,0,0,0,0,0,2.5,0
1,0,1,0,0,0,0,0,0,0,0,0,1.7,0
1,0,0,1,1,0,0,0,0,0,0,0,2.5,0
1,1,1,1,1,1,0,1,0,1,1,0,7.5,2
0,1,1,1,0,0,0,0,0,0,1,0,3.3,1
0,0,0,0,1,0,0,0,1,0,0,0,1.7,0
1,1,1,1,0,1,1,1,1,1,1,1,9.2,3
1,1,1,1,1,0,1,1,1,0,0,1,7.5,2
0,0,0,1,1,0,0,0,0,0,0,0,1.7,0
0,1,0,1,1,0,0,0,0,0,1,0,3.3,1
0,1,0,0,1,0,0,0,0,1,0,0,2.5,0
1,1,1,1,0,0,0,0,0,0,0,0,3.3,1
1,1,1,1,1,1,1,0,1,1,1,1,9.2,3
1,1,1,1,1,0,0,0,0,0,0,0,4.1,1
1,1,1,1,0,0,0,0,0,0,0,0,3.3,1
1,1,1,1,1,0,0,0,0,0,0,0,4.1,1
0,0,0,1,0,0,0,0,1,0,0,1,2.5,0
1,1,1,1,0,0,0,0,0,0,1,0,4.1,1
0,1,1,1,0,0,0,0,0,0,1,0,3.3,1
1,1,1,1,1,0,1,1,0,1,1,1,8.3,2
0,1,0,1,1,0,0,0,0,0,0,0,2.5,0
0,1,1,1,0,0,0,0,0,0,0,0,2.5,0
1,1,0,1,0,0,0,0,0,0,0,0,2.5,0
1,1,1,1,1,0,0,0,0,0,0,0,4.1,1
0,1,1,1,1,1,1,0,0,0,1,1,6.6,2
1,1,0,0,1,0,0,0,0,1,0,0,3.3,1
1,1,1,1,0,0,0,0,0,0,1,0,4.1,1
1,1,1,1,0,0,0,0,0,0,0,0,3.3,1
1,1,0,0,1,0,0,0,0,1,0,0,3.3,1
1,1,1,1,1,0,0,0,0,0,0,0,4.1,1
1,1,1,1,0,0,0,0,0,0,0,0,3.3,1
1,1,1,1,1,0,1,0,0,1,1,0,6.6,2
1,1,1,1,1,1,0,0,1,0,0,1,6.6,2
1,1,1,1,1,1,0,0,0,1,1,0,6.6,2
1,1,1,1,1,1,1,1,1,1,0,0,8.3,2
1,1,1,0,1,0,1,0,1,1,1,0,6.6,2
0,1,1,1,1,1,0,1,1,0,1,1,7.5,2
0,1,0,0,1,1,0,0,1,0,0,0,3.3,1
1,1,1,1,1,0,1,1,1,0,0,1,7.5,2
1,1,0,1,1,1,1,1,0,1,0,1,7.5,2
1,1,1,1,1,0,0,0,0,0,0,0,4.1,1
1,1,1,1,0,0,0,0,0,0,0,0,3.3,1
0,0,0,0,0,0,0,0,1,0,0,0,0.8,0
0,1,1,1,1,0,0,0,0,0,0,0,3.3,1
1,1,1,1,1,0,0,0,0,0,0,0,4.1,1
1,1,1,1,0,0,0,0,0,0,0,0,3.3,1
0,1,1,1,1,0,0,0,0,0,0,0,3.3,1
1,1,1,1,1,1,1,0,1,1,1,1,9.2,3
1,1,0,1,1,0,0,0,0,0,0,0,3.3,1
0,0,0,1,0,0,0,0,0,0,0,0,0.8,0
1,1,1,1,0,0,0,0,0,0,0,0,3.3,1
0,0,0,0,1,0,0,0,1,0,0,0,1.7,0
1,1,1,1,1,1,1,1,0,0,1,0,7.5,2
0,0,0,0,0,0,0,0,1,0,0,0,0.8,0
1,1,1,1,1,0,0,0,0,0,0,0,4.1,1
1,1,1,1,1,0,0,0,0,0,0,0,4.1,1
1,1,1,1,1,0,1,1,1,0,1,1,8.3,2
0,0,0,0,0,0,0,0,1,0,0,0,0.8,0
1,1,1,1,1,0,0,0,0,0,0,0,4.1,1
1,1,1,1,1,0,0,0,0,0,0,0,4.1,1
1,1,1,1,1,0,0,0,0,0,0,0,4.1,1
1,0,0,1,1,0,0,0,0,0,0,0,2.5,0
1,1,1,1,1,1,1,1,1,0,1,1,9.2,3
1,1,1,1,0,0,0,0,0,0,0,0,3.3,1
1,1,1,1,1,1,1,1,1,1,1,1,10.0,3
1,1,1,1,0,0,0,0,0,0,0,0,3.3,1
0,0,1,0,1,0,0,0,0,0,0,0,1.7,0
1,1,0,1,1,0,0,0,0,0,1,0,4.1,1
0,1,1,1,1,0,0,0,0,0,0,0,3.3,1
1,1,0,1,1,0,0,0,0,0,0,0,3.3,1
0,0,0,0,1,0,0,0,0,0,0,0,0.8,0
1,1,1,1,1,0,0,0,0,0,0,0,4.1,1
1,1,1,1,0,0,0,0,0,0,0,0,3.3,1
1,1,1,1,1,1,1,1,1,1,0,1,9.2,3
0,1,0,1,0,0,0,0,0,0,0,0,1.7,0
0,0,0,0,1,0,0,0,0,0,0,0,0.8,0
1,1,1,1,1,0,0,0,0,0,0,0,4.1,1
1,1,1,1,1,1,0,1,1,1,1,1,9.2,3
1,0,1,1,1,0,0,0,0,0,0,0,3.3,1
1,1,1,1,1,0,0,0,0,1,0,0,5.0,1
1,0,0,0,1,0,0,0,0,1,0,0,2.5,0
1,1,1,1,1,0,0,1,1,1,0,0,6.6,2
1,1,1,1,1,1,1,1,1,1,1,1,10.0,3
1,1,0,1,0,0,0,0,0,0,0,0,2.5,0
1,1,0,0,1,0,0,0,0,0,0,0,2.5,0
0,1,1,1,1,0,0,0,0,0,0,0,3.3,1
0,0,0,0,1,0,0,0,1,1,0,0,2.5,0
1,1,1,1,0,0,0,0,0,0,0,0,3.3,1
0,0,0,1,0,0,0,0,0,0,0,0,0.8,0
1,1,1,1,1,1,0,1,1,1,1,1,9.2,3
0,1,0,1,1,0,0,0,0,1,0,0,3.3,1
0,0,0,0,1,0,0,0,0,0,1,0,1.7,0
1,1,1,1,1,1,1,1,0,1,1,1,9.2,3
1,0,0,1,1,0,0,0,0,0,0,0,2.5,0
1,0,1,1,1,0,0,0,1,1,0,1,5.8,2
1,1,1,1,1,0,0,0,0,0,0,0,4.1,1
1,0,0,1,1,0,0,0,0,0,0,0,2.5,0
0,1,0,1,0,0,0,0,0,0,0,0,1.7,0
1,1,1,1,1,0,0,0,0,0,0,0,4.1,1
0,0,0,1,1,0,0,0,0,0,0,0,1.7,0
0,1,0,1,0,0,0,0,0,0,1,0,2.5,0
1,1,1,1,1,0,0,0,0,0,0,0,4.1,1
1,1,0,1,0,0,0,0,0,0,0,0,2.5,0
1,1,1,1,1,0,0,0,0,0,0,0,4.1,1
0,0,0,0,1,0,0,0,0,0,0,0,0.8,0
1,1,1,1,1,0,0,0,0,0,0,0,4.1,1
1,1,1,1,1,1,1,1,1,1,1,1,10.0,3
0,1,1,1,1,0,0,1,1,1,1,1,7.5,2
1,1,1,1,1,0,0,0,0,0,0,0,4.1,1
1,1,1,1,1,0,0,1,1,1,0,0,6.6,2
1,1,1,1,1,0,0,0,0,0,0,0,4.1,1
1,1,1,1,1,1,0,1,1,0,1,0,7.5,2
1,1,1,1,0,0,0,0,0,0,0,0,3.3,1
1,1,1,1,1,0,0,0,0,0,0,0,4.1,1
0,0,0,1,1,0,0,0,0,0,0,0,1.7,0
1,1,0,0,1,0,0,0,0,0,0,0,2.5,0
0,1,0,1,1,1,1,1,0,1,1,0,6.6,2
1,0,0,1,1,0,0,0,0,0,0,0,2.5,0
1,1,1,1,1,0,0,0,0,0,0,0,4.1,1
1,1,1,1,1,0,0,0,0,0,1,0,5.0,1
0,0,0,0,1,0,0,0,1,0,0,0,1.7,0
0,0,0,0,1,0,0,0,0,0,0,0,0.8,0
1,1,1,1,1,0,0,0,0,0,0,0,4.1,1
0,1,1,1,1,0,0,0,0,0,0,0,3.3,1
1,1,1,1,0,0,0,0,0,0,0,0,3.3,1
1,1,1,1,1,1,1,1,1,1,1,1,10.0,3
0,1,0,1,1,0,0,0,0,0,0,1,3.3,1
1,1,1,1,1,1,0,1,1,1,1,0,8.3,2
0,0,0,0,1,0,0,0,0,0,0,0,0.8,0
0,1,1,1,1,0,0,0,0,0,0,0,3.3,1
1,1,1,1,1,0,0,0,0,0,0,0,4.1,1
0,1,0,0,1,0,0,0,0,0,0,0,1.7,0
1,1,1,1,0,0,0,0,0,0,0,0,3.3,1
1,0,0,1,1,0,0,0,0,1,0,0,3.3,1
1,1,1,1,1,0,1,1,0,0,1,1,7.5,2
1,1,1,1,0,0,0,0,0,0,0,0,3.3,1
1,1,1,1,1,0,0,0,0,0,0,0,4.1,1
0,1,0,1,1,0,0,0,0,0,0,0,2.5,1
1,1,1,1,1,0,0,0,0,0,0,0,4.1,1
1,1,1,1,1,1,1,1,1,0,1,0,8.3,2
0,1,1,1,1,0,0,0,0,0,0,0,3.3,1
1,1,1,0,1,0,0,1,1,1,0,1,6.6,2
1,0,0,1,1,0,0,0,0,0,0,0,2.5,0
0,0,0,1,1,1,0,0,0,0,0,0,2.5,0
0,0,0,0,0,0,0,0,0,0,1,0,0.8,0
1,1,1,1,0,0,0,0,0,0,1,0,4.1,1
0,0,0,0,1,0,0,0,0,0,0,0,0.8,0
1,1,1,1,1,1,1,1,1,1,1,1,10.0,3
1,1,1,1,1,1,1,1,1,1,0,1,9.2,3
1,1,1,1,1,0,0,0,0,0,0,0,4.1,1
0,1,1,1,0,0,0,0,0,0,0,0,2.5,0
0,0,1,0,0,0,0,0,1,1,0,0,2.5,0
0,1,1,1,1,0,0,1,1,1,1,0,6.6,2
1,1,1,1,0,0,0,0,0,0,1,0,4.1,1
1,1,1,1,1,1,1,0,1,1,1,1,9.2,3
1,1,1,1,1,0,0,0,0,0,1,0,5.0,1
1,1,1,1,1,0,0,0,0,0,0,0,4.1,1
1,1,0,1,1,0,0,1,1,1,1,0,6.6,2
1,0,1,1,1,0,0,0,0,0,0,0,3.3,1
1,1,0,1,1,0,0,0,0,0,0,0,3.3,1
1,0,0,1,1,0,0,0,0,0,0,0,2.5,0
1,0,0,1,1,0,0,0,0,0,0,0,2.5,0
0,0,0,0,1,0,0,0,1,1,1,0,3.3,1
1,1,1,1,1,0,0,0,0,0,0,0,4.1,1
1,1,1,1,1,1,1,0,1,1,1,1,9.2,3
1,1,1,1,1,0,0,1,0,0,1,1,6.6,2
0,1,1,1,1,0,0,0,0,0,0,0,3.3,1
1,1,1,1,1,0,0,0,0,0,0,0,4.1,1
0,1,1,1,1,0,0,0,0,0,0,0,3.3,1
0,1,1,1,0,0,0,0,0,0,1,0,3.3,1
0,0,0,0,1,0,0,0,0,0,0,0,0.8,0
1,1,1,1,1,1,0,0,1,0,1,0,6.6,2
1,1,1,1,0,0,0,0,0,0,0,0,3.3,1
1,0,0,0,1,0,0,0,0,0,0,0,1.7,0
1,0,0,1,1,0,0,0,0,0,0,0,2.5,0
1,1,1,1,1,1,0,1,1,1,1,1,9.2,3
0,0,0,0,1,0,0,0,0,0,0,1,1.7,0
1,0,0,1,1,0,0,0,0,0,0,0,2.5,0
1,1,1,1,1,1,1,1,1,0,1,1,9.2,3
1,1,0,0,1,0,0,0,0,0,0,0,2.5,0
1,1,1,1,0,0,0,0,0,0,0,0,3.3,1
0,1,1,1,1,1,1,1,0,0,0,1,6.6,2
1,1,1,1,1,1,1,0,1,1,1,1,9.2,3
1,1,1,1,1,0,0,0,0,0,0,0,4.1,1
1,1,1,1,0,0,0,0,0,0,0,0,3.3,1
0,1,1,1,1,0,0,0,0,0,1,0,4.1,1
1,1,1,1,1,0,0,0,0,0,0,0,4.1,1
0,0,0,0,0,0,0,0,0,0,0,0,0.0,0
1,1,1,1,1,0,0,0,0,0,0,0,4.1,1
0,0,0,0,1,0,0,0,0,0,0,0,0.8,0
1,0,0,1,1,0,0,0,0,0,0,0,2.5,0
1,1,1,1,1,0,0,0,0,0,0,0,4.1,1
0,1,1,1,1,0,0,0,0,0,0,0,3.3,1
1,1,1,1,1,1,1,1,1,1,0,0,8.3,2
1,1,1,1,0,0,0,0,0,0,0,0,3.3,1
0,1,1,1,1,1,0,1,0,1,1,1,7.5,2
1,1,1,1,1,1,1,1,1,1,0,1,9.2,3
0,1,1,1,1,0,0,0,0,0,0,0,3.3,1
0,1,0,1,1,0,0,0,0,0,0,0,2.5,0
1,1,1,1,1,0,0,0,0,0,0,0,4.1,1
1,1,1,1,0,0,0,0,0,0,0,0,3.3,1
1,1,1,1,1,0,1,1,1,0,0,0,6.6,2
1,1,1,1,0,0,0,0,0,0,1,0,4.1,1
0,1,0,1,1,0,0,0,0,0,1,0,3.3,1
1,1,1,1,1,1,1,1,1,0,1,1,9.2,3
1,1,1,1,0,0,0,0,0,0,1,0,4.1,1
1,0,0,1,1,0,0,0,0,0,0,0,2.5,0
0,0,1,1,1,0,0,0,0,0,0,1,3.3,1
1,1,1,1,0,0,0,0,0,0,0,0,3.3,1
1,1,1,1,0,0,0,0,0,0,0,0,3.3,1
1,1,1,1,1,0,1,0,1,1,1,1,8.3,2
1,1,1,1,0,0,0,0,0,0,0,0,3.3,1
1,1,1,1,1,0,0,0,0,0,1,0,5.0,1
1,1,1,1,0,0,0,0,0,0,1,0,4.1,1
1,1,0,1,1,1,1,1,1,0,0,0,6.6,2
1,1,1,1,1,1,1,1,1,1,1,1,10.0,3
0,1,1,1,1,0,0,0,0,0,0,0,3.3,1
1,1,0,0,1,0,0,0,0,0,0,0,2.5,0
1,1,1,1,0,0,0,0,0,0,0,0,3.3,1
1,1,1,1,1,0,0,0,0,1,0,0,5.0,1
0,0,0,0,1,0,0,0,0,0,0,0,0.8,0
1,1,1,1,1,1,0,1,1,1,1,1,9.2,3
0,1,0,0,1,0,0,0,1,0,0,0,2.5,0
0,0,0,0,1,0,0,0,0,0,0,1,1.7,0
0,0,0,1,1,0,0,0,1,0,0,0,2.5,0
0,0,0,1,1,0,0,0,1,1,0,1,4.1,1
1,1,1,1,1,0,0,0,0,0,0,0,4.1,1
0,1,1,1,1,0,0,0,0,0,0,0,3.3,1
1,1,1,1,0,1,0,0,0,1,1,1,6.6,2
0,0,0,0,1,0,0,0,0,0,0,0,0.8,0
1,1,1,1,1,1,1,1,1,1,1,1,10.0,3
1,1,0,0,1,0,0,0,0,0,0,0,2.5,0
1,1,1,1,0,0,0,0,0,0,0,0,3.3,1
1,1,1,1,1,0,0,0,0,0,0,0,4.1,1
0,1,0,0,1,0,0,0,0,0,0,0,1.7,0
1,0,1,1,1,0,0,1,1,1,1,0,6.6,2
0,0,0,0,1,0,0,0,0,0,0,1,1.7,0
0,1,1,1,0,0,0,0,0,0,0,0,2.5,0
1,1,1,1,1,1,1,1,0,1,1,0,8.3,2
1,1,1,1,1,0,0,0,0,0,0,0,4.1,1
1,1,1,1,1,0,0,0,0,0,0,0,4.1,1
0,0,0,0,0,0,0,0,1,0,0,0,0.8,0
0,0,1,0,1,0,0,0,0,0,0,0,1.7,0
1,1,1,1,1,0,1,0,1,0,1,1,7.5,2
1,1,1,1,1,1,1,1,1,1,1,1,10.0,3
0,0,0,0,0,0,0,0,0,0,1,0,0.8,0
0,1,1,1,0,0,0,0,0,0,0,0,2.5,0
1,1,1,1,0,0,0,0,1,1,0,0,5.0,1
1,1,1,1,1,0,0,0,0,0,1,0,5.0,1
0,1,1,1,1,0,0,0,0,0,0,0,3.3,1
1,1,1,1,1,0,0,0,1,0,0,0,5.0,1
1,1,1,1,1,0,1,1,0,0,1,1,7.5,2
1,1,1,1,1,0,0,0,0,0,0,0,4.1,1
0,1,1,0,1,0,0,0,1,1,0,0,4.1,1
1,1,0,0,1,0,0,0,0,0,0,0,2.5,0
1,1,0,1,1,0,0,0,0,0,0,0,3.3,1
1,1,1,1,1,0,0,0,0,0,0,0,4.1,1
1,1,1,1,1,0,0,0,0,0,0,0,4.1,1
0,0,0,1,1,0,0,0,1,1,0,0,3.3,1
1,1,1,1,1,0,0,0,0,0,0,0,4.1,1
1,1,0,1,1,0,0,1,1,1,0,1,6.6,2
1,1,1,1,1,1,0,1,1,1,0,1,8.3,2
1,1,1,1,1,1,1,1,1,1,1,1,10.0,3
1,1,1,1,1,0,0,0,0,0,1,0,5.0,1
1,0,0,1,1,0,0,0,0,0,0,0,2.5,0
0,0,0,0,0,0,0,0,1,0,0,0,0.8,0
1,1,0,1,0,0,0,0,0,1,0,0,3.3,1
1,1,0,1,1,0,0,0,0,0,0,0,3.3,1
1,1,1,1,1,0,1,1,0,1,1,0,7.5,2
0,0,0,0,1,0,0,0,0,0,0,0,0.8,0
1,0,0,1,1,0,0,0,0,0,0,0,2.5,1
0,0,0,1,1,0,0,0,0,0,1,0,2.5,0
1,1,1,1,1,0,0,0,0,0,0,0,4.1,1
1,1,1,1,1,1,0,1,1,1,1,1,9.2,3
0,0,0,1,0,0,0,0,0,0,0,0,0.8,0
1,1,0,0,1,0,0,0,0,1,0,0,3.3,1
0,0,0,0,1,0,0,0,1,1,0,0,2.5,0
0,0,0,0,1,0,0,0,0,0,0,0,0.8,0
0,0,0,0,1,0,0,0,0,0,0,1,1.7,0
1,1,1,1,1,0,0,0,0,0,0,0,4.1,1
0,0,0,0,1,1,0,0,0,0,0,0,1.7,0
0,0,0,1,1,0,0,0,1,1,0,0,3.3,1
1,1,1,1,0,0,0,0,0,0,0,0,3.3,1
1,1,0,1,1,1,1,1,1,1,1,1,9.2,3
0,0,0,0,1,1,0,0,1,1,0,0,3.3,1
1,1,1,1,1,0,0,0,0,0,0,0,4.1,1
0,0,0,1,1,0,0,0,0,0,0,0,1.7,0
1,1,1,1,1,0,0,0,0,0,0,0,4.1,1
1,1,1,1,0,0,0,0,0,0,0,0,3.3,1
1,0,1,1,1,0,0,0,1,1,0,0,5.0,1
1,0,1,1,1,0,0,0,0,0,0,0,3.3,1
1,1,1,0,1,1,1,0,1,1,0,1,7.5,2
1,1,0,1,1,0,0,0,0,0,1,0,4.1,1
0,0,1,1,1,1,0,1,1,1,1,0,6.6,2
1,1,1,1,1,1,0,1,1,1,1,1,9.2,3
1,0,1,1,1,0,0,0,1,1,0,0,5.0,1
1,1,1,1,1,0,0,0,0,0,0,0,4.1,1
0,1,1,1,1,0,0,0,0,0,0,0,3.3,1
1,0,1,1,1,0,0,0,0,0,0,0,3.3,0
1,1,1,1,1,1,0,1,1,1,0,1,8.3,2
1,1,1,1,1,1,0,0,0,0,0,0,5.0,1
1,1,0,1,0,0,0,0,0,0,0,0,2.5,0
1,1,1,1,1,1,0,0,0,1,1,0,6.6,2
0,1,1,1,0,1,0,0,0,0,0,0,3.3,1
1,1,1,1,0,0,0,0,0,0,0,0,3.3,1
0,1,1,1,1,0,0,0,0,0,0,0,3.3,1
0,0,0,1,1,0,0,0,1,0,0,0,2.5,0
1,1,1,1,1,0,0,0,0,0,0,0,4.1,1
0,1,0,0,1,0,0,0,0,1,0,0,2.5,0
1,1,1,1,1,0,1,0,0,0,1,1,6.6,1
0,0,0,0,1,0,0,0,0,0,0,0,0.8,0
1,1,0,1,1,0,0,0,0,0,0,0,3.3,1
0,1,1,1,1,0,0,0,0,0,0,0,3.3,1
1,1,0,1,0,0,0,0,0,0,1,0,3.3,1
1,1,1,1,0,0,0,0,0,0,0,0,3.3,1
0,1,1,1,0,0,0,0,0,0,1,0,3.3,1
0,1,0,1,0,0,0,0,0,0,1,0,2.5,0
0,1,1,1,1,0,0,0,0,0,0,0,3.3,1
0,1,0,0,1,0,0,0,1,0,0,0,2.5,0
0,1,1,1,0,0,0,0,0,0,1,0,3.3,1
1,1,0,0,1,0,0,0,0,0,0,0,2.5,0
1,1,1,1,0,0,0,0,0,0,0,0,3.3,1
1,1,1,1,0,0,0,0,0,0,0,0,3.3,1
1,0,0,0,1,0,0,0,1,0,0,0,2.5,0
0,0,0,0,1,1,0,0,0,0,0,0,1.7,0
1,1,1,1,1,1,1,0,1,1,0,1,8.3,2
1,1,1,1,1,0,0,0,0,0,1,0,5.0,1
1,1,1,1,1,0,1,1,1,1,1,0,8.3,2
0,1,1,1,1,0,0,0,0,0,1,0,4.1,1
1,1,1,1,0,0,0,0,0,0,0,0,3.3,1
0,0,0,0,1,0,0,0,0,0,0,0,0.8,0
1,1,1,1,0,0,0,0,0,0,0,0,3.3,1
1,1,1,1,1,1,1,1,1,1,1,0,9.2,3
1,1,1,1,1,0,0,0,0,0,0,0,4.1,1
0,1,1,1,1,0,0,0,0,0,0,0,3.3,1
1,0,0,1,1,0,0,0,0,0,0,0,2.5,1
1,1,1,1,1,1,0,0,0,0,1,0,5.8,1
1,1,1,1,0,0,0,0,0,0,0,0,3.3,1
0,1,0,1,0,0,0,0,1,0,0,0,2.5,0
1,1,1,1,1,1,1,0,1,1,1,0,8.3,2
1,0,0,1,1,0,0,0,0,0,0,0,2.5,0
1,1,1,1,1,0,0,0,0,0,0,0,4.1,1
1,1,0,1,0,0,0,0,0,0,0,0,2.5,1
1,0,0,1,1,0,0,0,0,0,0,0,2.5,0
1,1,1,1,1,0,0,0,0,0,0,0,4.1,1
0,0,0,1,1,0,0,0,0,0,0,1,2.5,0
1,1,1,1,1,0,0,0,0,0,0,0,4.1,1
0,1,1,0,1,1,0,1,1,0,1,1,6.6,2
0,1,1,1,1,1,0,0,0,0,0,0,4.1,1
1,1,1,1,1,1,0,1,1,1,1,1,9.2,3
1,1,0,1,1,0,0,0,0,0,0,0,3.3,1
0,0,0,0,1,0,0,0,0,0,0,0,0.8,0
1,0,0,1,1,0,0,0,0,0,0,0,2.5,0
0,0,1,0,1,0,0,0,0,0,0,1,2.5,0
1,1,1,1,1,1,1,1,1,1,1,1,10.0,3
1,1,1,1,0,0,0,0,0,0,1,0,4.1,1
1,1,1,1,1,0,0,0,0,0,0,0,4.1,1
1,1,1,1,1,1,1,1,1,1,1,1,10.0,3
1,1,1,1,1,0,0,0,0,0,0,0,4.1,1
1,1,1,1,1,0,0,0,0,0,0,0,4.1,1
1,1,1,1,0,1,0,0,0,0,0,0,4.1,1
1,1,1,1,1,1,1,1,1,1,1,1,10.0,3
1,1,1,1,1,1,1,1,1,0,1,1,9.2,3
0,1,0,1,0,0,0,0,0,0,0,0,1.7,0
1,1,1,0,1,0,0,0,0,0,0,0,3.3,1
1,1,1,1,1,0,0,0,0,0,0,0,4.1,1
0,0,1,0,1,0,0,0,0,0,0,0,1.7,0
0,1,1,1,0,1,1,0,1,1,1,1,7.5,2
1,1,1,1,1,0,0,1,1,0,1,1,7.5,2
1,0,1,1,1,0,1,0,1,1,1,1,7.5,2
1,1,1,1,1,1,1,0,1,1,0,1,8.3,2
1,1,1,1,1,0,0,0,0,0,0,0,4.1,1
1,1,1,1,1,1,1,1,1,1,1,1,10.0,3
0,0,0,0,1,0,0,0,0,0,0,1,1.7,0
1,1,0,0,1,0,0,0,0,1,0,0,3.3,1
1,1,1,1,1,0,0,0,0,0,0,0,4.1,1
0,0,0,1,1,0,0,0,0,0,0,0,1.7,0
1,1,0,0,1,0,0,0,0,0,0,0,2.5,0
1,1,1,1,1,0,0,0,0,0,0,0,4.1,1
1,1,1,1,1,1,0,1,0,0,1,0,6.6,2
1,1,1,1,1,0,0,0,0,0,0,0,4.1,1
1,1,1,1,1,1,1,1,1,1,1,1,10.0,3
0,1,1,1,0,0,0,0,0,0,0,0,2.5,0
1,1,1,0,1,1,0,0,1,0,1,1,6.6,2
0,1,1,1,1,0,0,0,0,0,0,0,3.3,1
1,1,1,1,1,0,1,1,0,1,1,0,7.5,2
1,1,1,1,0,0,0,0,0,0,0,0,3.3,1
1,1,0,1,1,0,1,1,0,1,1,1,7.5,2
0,1,1,1,1,1,1,0,1,0,1,0,6.6,1
1,1,1,1,0,0,0,0,0,0,1,0,4.1,1
1,1,1,1,1,1,0,1,1,1,1,1,9.2,3
1,1,1,1,0,0,0,0,0,0,0,0,3.3,1
1,1,1,0,0,0,0,1,1,1,1,1,6.6,2
1,1,1,1,1,0,0,0,0,0,0,0,4.1,1
1,1,1,1,0,1,1,1,1,1,0,0,7.5,2
1,1,1,1,0,0,0,0,0,0,1,0,4.1,1
0,0,1,0,0,0,0,0,1,1,0,0,2.5,0
1,1,1,1,1,1,1,1,0,0,1,1,8.3,2
1,1,1,1,0,0,0,0,0,0,0,0,3.3,1
1,1,1,1,1,1,1,1,1,1,1,1,10.0,3
1,1,1,1,0,0,0,0,0,0,0,0,3.3,1
0,1,1,1,1,0,0,0,0,0,0,0,3.3,1
0,0,0,0,1,0,0,0,0,0,0,0,0.8,0
1,1,1,1,0,0,0,0,0,0,0,0,3.3,1
0,0,0,0,1,0,0,0,0,1,0,0,1.7,0
0,1,0,0,1,0,0,0,1,0,0,0,2.5,0
1,1,1,0,1,0,0,0,0,0,0,1,4.1,1
0,1,0,1,0,1,1,1,1,1,1,1,7.5,2
1,1,1,1,1,1,1,1,1,1,1,1,10.0,3
0,1,1,1,1,0,0,0,0,0,1,0,4.1,1
1,1,1,1,1,1,1,1,1,1,1,0,9.2,3
1,1,1,1,1,0,0,0,0,0,0,0,4.1,1
1,1,1,1,1,0,0,1,1,0,1,1,7.5,2
1,1,1,1,1,0,0,0,1,0,0,0,5.0,1
0,1,1,1,0,0,0,0,0,0,0,0,2.5,1
1,0,0,1,1,0,0,0,0,0,0,0,2.5,0
1,1,1,1,1,1,0,1,0,1,0,0,6.6,2
1,1,1,1,1,0,0,1,1,1,1,0,7.5,2
1,1,0,1,0,0,0,0,0,1,0,0,3.3,1
1,1,1,1,1,1,1,0,1,1,1,1,9.2,3
0,1,1,0,1,0,0,0,0,0,0,1,3.3,1
0,1,1,1,1,1,0,1,0,1,0,1,6.6,2
1,1,1,1,0,0,0,0,0,0,0,0,3.3,1
1,1,0,1,0,0,0,0,0,0,0,0,2.5,0
1,1,1,1,1,0,0,0,0,0,1,0,5.0,1
0,1,0,0,1,1,0,0,0,0,0,0,2.5,0
1,1,1,1,1,1,1,1,1,1,1,1,10.0,3
1,0,0,0,1,0,0,0,0,0,0,0,1.7,0
0,1,0,0,0,0,0,0,0,0,0,0,0.8,0
0,1,1,1,1,0,0,0,0,0,0,1,4.1,1
1,1,1,1,1,1,1,0,1,1,1,1,9.2,3
1,1,1,1,1,1,0,1,1,1,1,0,8.3,2
1,1,1,1,0,0,0,0,0,0,0,0,3.3,1
0,0,0,0,0,0,0,0,0,0,0,0,0.0,0
1,1,1,0,1,0,0,0,0,0,0,0,3.3,1
1,1,1,1,1,0,1,1,0,1,0,1,7.5,2
1,1,1,1,1,0,0,0,0,0,0,0,4.1,1
1,1,1,1,1,0,0,0,0,0,0,0,4.1,1
0,0,1,1,1,0,0,0,1,0,0,0,3.3,1
1,1,1,1,1,1,1,0,1,0,1,1,8.3,2
0,1,1,1,0,0,0,0,0,0,1,0,3.3,0
1,1,1,1,1,1,1,1,0,1,0,1,8.3,2
1,0,0,1,1,0,0,0,0,0,0,0,2.5,0
1,1,0,1,1,0,0,0,0,0,0,0,3.3,1
1,0,1,1,1,0,0,0,0,0,0,0,3.3,1
0,1,1,1,1,0,0,0,0,0,0,0,3.3,1
1,1,1,1,1,1,1,1,1,1,1,1,10.0,3
0,1,1,1,1,0,0,0,1,0,0,0,4.1,1
1,1,1,1,1,1,1,0,1,1,1,1,9.2,3
1,1,1,1,1,1,0,0,0,1,1,1,7.5,2
0,0,0,0,1,0,0,0,0,0,0,0,0.8,0
1,1,1,1,1,0,1,1,1,1,1,1,9.2,3
1,1,0,1,1,0,0,0,0,0,0,0,3.3,1
1,1,1,1,0,0,0,0,0,0,0,0,3.3,1
1,1,1,1,1,0,0,1,1,1,1,1,8.3,2
0,1,1,1,0,0,0,0,0,0,1,0,3.3,1
1,1,1,1,0,0,0,0,0,0,0,0,3.3,1
1,1,1,1,1,1,0,0,0,1,1,1,7.5,2
1,1,1,1,1,0,0,0,0,0,0,0,4.1,1
1,1,1,1,1,0,0,0,0,0,0,0,4.1,1
0,1,0,0,0,0,0,0,0,0,1,0,1.7,0
1,1,1,1,0,1,0,1,1,1,1,1,8.3,2
0,0,0,0,1,0,0,0,0,0,0,0,0.8,0
1,1,1,1,1,0,0,1,0,1,1,0,6.6,2
1,1,1,1,1,1,0,1,1,1,1,1,9.2,3
0,0,0,0,1,0,0,0,0,0,0,0,0.8,0
0,1,1,1,1,0,0,0,0,0,0,0,3.3,1
1,1,0,1,0,1,1,0,1,1,1,1,7.5,2
0,0,0,0,1,0,0,0,1,1,0,0,2.5,0
1,1,1,1,1,0,1,1,0,0,1,0,6.6,2
0,1,1,1,0,0,0,0,0,0,0,0,2.5,0
0,0,0,0,1,0,0,0,0,0,0,1,1.7,0
1,1,1,1,0,0,0,0,0,0,0,0,3.3,1
1,1,1,1,1,0,0,0,0,0,0,0,4.1,1
1,1,1,1,0,0,0,0,0,0,0,0,3.3,1
1,1,1,1,1,1,1,1,1,1,1,1,10.0,3
1,1,1,1,1,1,1,1,0,1,1,1,9.2,3
1,1,1,1,1,0,0,0,0,0,0,0,4.1,1
1,1,1,1,1,1,1,1,1,0,1,0,8.3,2
1,1,1,1,1,0,0,0,0,0,1,0,5.0,1
0,1,1,1,1,0,0,0,0,0,0,0,3.3,1
1,1,1,1,1,1,1,1,0,1,1,1,9.2,3
1,1,1,1,0,0,0,0,0,0,0,0,3.3,1
1,1,0,0,1,0,0,0,0,0,0,0,2.5,0
1,1,0,1,1,0,1,0,1,1,1,1,7.5,2
1,1,1,1,1,1,1,1,0,1,1,1,9.2,3
0,0,0,0,0,0,0,0,1,0,0,0,0.8,0
0,1,1,1,0,0,0,0,0,0,0,0,2.5,0
1,1,1,1,1,1,0,1,1,1,1,1,9.2,3
0,1,1,1,0,0,0,0,0,0,0,0,2.5,0
0,0,0,0,1,0,0,0,0,0,0,0,0.8,0
1,1,1,1,0,0,0,0,0,0,0,0,3.3,1
1,0,0,1,0,0,0,0,0,0,0,0,1.7,0
1,1,1,1,0,0,0,0,0,0,0,0,3.3,1
1,0,0,1,0,0,0,0,0,0,0,0,1.7,0
1,0,0,1,1,0,0,0,0,0,0,0,2.5,0
1,1,1,1,0,0,0,0,0,0,0,0,3.3,1
0,1,1,1,0,0,0,0,0,0,1,0,3.3,1
1,1,1,1,0,0,0,0,0,0,0,0,3.3,1
1,1,1,1,1,0,0,1,1,0,1,0,6.6,2
1,0,0,1,1,0,0,0,0,0,0,0,2.5,0
0,1,0,0,1,0,0,0,0,0,0,0,1.7,0
0,1,1,1,1,1,0,0,1,0,1,1,6.6,2
1,1,1,1,0,0,0,0,0,0,0,0,3.3,1
1,0,0,1,1,0,0,0,0,0,0,0,2.5,0
0,0,1,0,1,1,0,0,0,0,0,0,2.5,1
1,1,1,1,1,1,1,1,1,0,1,1,9.2,3
1,1,1,1,0,0,0,0,0,0,0,0,3.3,1
0,0,0,0,0,0,0,0,0,0,1,0,0.8,0
1,1,1,1,1,0,0,0,0,0,0,0,4.1,1
1,1,1,1,0,0,0,0,0,0,0,0,3.3,1
1,1,1,1,1,0,0,0,0,0,0,0,4.1,1
0,0,1,1,0,0,0,0,1,1,0,0,3.3,0
0,1,1,1,1,0,0,0,0,0,1,0,4.1,1
1,1,0,1,1,0,0,0,0,0,0,0,3.3,1
1,1,1,1,1,0,0,1,1,0,1,1,7.5,2
0,1,1,1,1,0,1,1,1,1,1,1,8.3,2
1,1,1,1,1,1,0,1,1,1,1,1,9.2,3
1,0,1,1,1,0,1,1,1,0,1,1,7.5,2
1,1,1,1,1,1,1,1,0,1,1,1,9.2,3
1,1,1,1,0,0,0,0,0,0,0,0,3.3,1
1,1,1,1,1,0,1,0,1,1,0,1,7.5,2
0,1,1,1,1,0,0,0,0,0,0,0,3.3,1
1,0,0,1,1,0,0,0,0,0,0,0,2.5,0
1,1,1,1,1,0,1,0,1,1,1,1,8.3,2
1,1,1,1,1,1,1,0,0,1,0,1,7.5,2
0,0,0,0,1,0,0,0,1,1,0,0,2.5,0
1,1,1,1,1,0,0,0,1,1,1,0,6.6,2
1,1,1,1,1,0,0,0,0,0,0,0,4.1,1
0,1,1,1,1,0,0,0,0,0,0,0,3.3,1
1,1,0,1,1,0,0,0,0,0,0,0,3.3,1
0,1,1,1,1,0,0,0,0,0,0,0,3.3,1
1,1,1,1,0,0,0,0,0,0,0,0,3.3,1
1,1,1,1,1,1,1,1,1,0,1,1,9.2,3
1,1,1,1,1,0,0,0,0,0,0,0,4.1,1
1,1,0,1,1,0,0,0,1,1,1,1,6.6,2
1,1,1,0,1,1,0,0,1,1,1,0,6.6,2
1,1,1,1,1,1,0,1,1,1,1,0,8.3,3
1,0,1,1,1,0,0,0,0,0,0,0,3.3,1
1,1,1,1,1,0,0,0,0,0,0,0,4.1,1
1,1,0,1,1,1,0,1,1,0,1,0,6.6,2
0,0,1,1,1,0,0,0,0,0,0,0,2.5,0
1,1,1,1,1,1,0,1,1,1,1,1,9.2,3
1,1,1,1,0,0,0,0,0,0,0,0,3.3,0
1,1,1,1,1,1,0,0,0,1,1,0,6.6,2
1,1,1,1,0,0,0,0,0,0,0,0,3.3,1
0,1,1,1,1,0,1,1,1,1,0,1,7.5,2
1,1,1,1,0,0,0,0,0,0,0,0,3.3,1
1,1,1,1,1,1,0,1,1,1,1,1,9.2,3
1,1,0,1,1,1,0,0,1,1,1,0,6.6,2
1,1,1,1,1,1,0,1,1,1,0,0,7.5,2
1,1,1,1,0,0,0,0,0,0,0,0,3.3,1
1,1,1,1,1,0,0,0,0,0,0,0,4.1,1
1,1,1,1,1,1,1,1,1,0,1,1,9.2,3
0,1,1,1,0,0,0,0,0,0,0,0,2.5,0
1,1,1,1,1,0,1,0,1,1,1,1,8.3,2
1,1,1,1,1,1,0,0,1,1,1,0,7.5,2
1,1,1,1,0,0,0,0,0,0,1,0,4.1,1
0,0,0,0,1,0,0,0,0,0,0,0,0.8,0
1,1,1,1,0,0,0,0,0,0,0,0,3.3,1
0,1,1,0,1,1,0,0,1,0,0,0,4.1,1
1,1,1,1,0,0,0,0,0,0,0,0,3.3,1
1,0,0,1,1,0,0,0,0,0,0,0,2.5,0
1,1,1,1,0,0,0,0,0,0,1,0,4.1,1
1,1,0,1,1,1,1,1,0,0,1,1,7.5,2
1,1,1,1,0,0,0,0,0,0,0,0,3.3,1
0,0,0,0,0,0,0,0,1,0,0,0,0.8,0
1,1,1,1,0,0,0,0,0,0,0,0,3.3,1
0,0,1,1,1,0,0,0,0,0,0,0,2.5,0
1,1,1,1,1,0,0,0,0,0,0,0,4.1,1
1,1,1,1,1,0,0,0,0,0,0,0,4.1,1
1,1,1,1,1,0,0,0,0,0,0,1,5.0,1
1,1,1,1,1,1,1,1,1,1,1,1,10.0,3
0,0,0,0,1,0,0,0,1,0,0,0,1.7,0
0,1,1,1,1,0,0,0,0,0,0,0,3.3,1
1,1,1,1,1,0,0,0,0,0,0,0,4.1,1
1,1,1,1,1,1,1,0,0,1,0,0,6.6,2
1,1,1,1,1,1,0,1,1,1,0,0,7.5,2
1,1,1,1,0,0,0,0,0,0,0,0,3.3,1
1,1,1,1,1,1,1,1,0,1,1,0,8.3,2
1,1,1,1,1,1,1,1,1,1,0,1,9.2,3
1,1,1,1,1,1,1,1,0,1,1,1,9.2,3
1,1,1,1,1,0,1,1,0,1,0,0,6.6,2
1,1,1,1,1,1,0,1,1,1,1,1,9.2,3
1,1,1,1,1,0,0,0,0,0,0,0,4.1,1
0,1,1,1,0,0,0,0,0,0,0,0,2.5,1
1,1,1,1,1,0,0,0,0,0,0,0,4.1,1
1,1,1,1,1,1,1,1,1,0,1,1,9.2,3
0,0,0,0,0,0,0,0,0,0,0,0,0.0,0
1,1,1,1,1,0,0,0,0,0,0,0,4.1,1
0,1,1,1,1,0,0,0,0,0,0,0,3.3,1
1,1,0,1,0,1,1,1,1,1,1,1,8.3,2
1,0,0,0,1,0,0,0,1,0,0,0,2.5,0
0,1,0,1,1,0,0,0,0,0,0,0,2.5,0
1,0,1,1,1,0,0,1,1,1,1,1,7.5,2
1,1,1,1,1,0,0,0,0,0,0,0,4.1,1
1,1,0,1,1,0,0,0,0,0,1,0,4.1,1
1,1,1,1,0,0,0,0,0,0,0,0,3.3,1
1,1,1,1,1,0,0,0,0,0,0,0,4.1,1
1,1,1,1,1,0,0,0,0,0,0,0,4.1,1
1,1,1,1,1,0,0,0,1,1,1,1,7.5,2
1,1,1,1,1,0,0,0,0,0,0,0,4.1,1
1,1,1,1,1,1,1,0,1,1,1,1,9.2,3
1,1,1,1,0,0,0,0,0,0,0,0,3.3,1
1,1,1,1,1,0,0,0,0,0,0,0,4.1,1
1,1,1,1,1,1,1,0,0,0,1,1,7.5,2
0,0,0,0,1,0,0,0,1,0,0,0,1.7,0
1,1,1,1,1,0,0,0,0,0,1,0,5.0,1
0,1,1,1,1,0,0,0,0,0,0,0,3.3,1
1,0,0,1,1,0,0,0,0,0,0,0,2.5,0
0,0,0,0,0,0,0,0,0,0,0,0,0.0,0
1,1,1,1,0,0,0,0,0,0,0,0,3.3,1
0,1,1,1,1,1,1,1,0,0,1,0,6.6,2
1,1,1,1,1,1,0,1,0,0,1,1,7.5,2
0,1,1,1,1,0,0,0,0,0,0,0,3.3,1
1,1,1,1,1,0,0,0,0,0,0,0,4.1,1
1,1,0,1,1,1,0,0,0,1,1,1,6.6,2
0,1,1,1,1,0,0,0,0,0,0,0,3.3,1
1,1,1,1,1,0,0,0,0,0,0,0,4.1,1
0,1,1,1,1,0,0,0,0,0,0,0,3.3,1
1,1,0,1,1,0,0,0,0,0,0,0,3.3,1
1,1,1,1,1,0,0,0,0,0,1,0,5.0,1
1,1,1,1,1,0,0,0,0,0,0,0,4.1,1
1,1,0,1,0,0,0,0,0,0,0,0,2.5,0
1,1,1,1,1,1,1,1,1,1,1,0,9.2,3
0,0,0,0,0,0,0,0,0,0,0,0,0.0,0
1,1,1,1,0,0,0,0,0,0,0,0,3.3,1
1,1,1,1,1,1,1,0,0,1,1,1,8.3,2
1,1,0,1,1,0,0,0,0,0,0,0,3.3,1
0,1,1,1,1,1,1,1,1,1,1,1,9.2,2
1,1,1,1,0,0,0,0,0,0,0,0,3.3,1
0,1,1,1,1,1,0,1,1,1,1,0,7.5,2
1,1,0,1,1,0,0,0,0,0,0,0,3.3,1
1,1,1,1,1,0,1,0,1,0,1,0,6.6,2
0,1,0,1,1,1,0,0,0,0,0,0,3.3,1
1,1,1,1,0,0,0,0,0,0,0,0,3.3,1
0,1,1,1,1,0,0,0,0,0,0,0,3.3,1
1,1,1,1,1,0,0,0,0,0,0,0,4.1,1
1,1,1,1,1,1,1,0,1,0,1,0,7.5,2
0,0,1,1,1,1,0,1,0,1,1,1,6.6,2
0,0,0,1,1,0,0,0,0,0,0,0,1.7,0
1,1,0,0,1,0,0,0,0,0,0,0,2.5,0
0,1,1,0,0,0,0,0,0,0,1,0,2.5,0
0,1,0,1,0,0,0,0,0,0,0,0,1.7,0
1,1,1,1,0,0,0,0,0,0,0,0,3.3,1
1,1,1,1,1,0,0,0,0,0,0,0,4.1,1
1,1,1,1,1,1,1,0,1,1,1,1,9.2,3
1,1,1,1,0,0,0,0,0,0,0,0,3.3,1
0,0,0,0,1,0,0,0,0,0,0,0,0.8,0
1,1,0,1,1,0,0,0,0,0,0,0,3.3,1
0,1,0,0,0,0,0,0,1,0,0,0,1.7,0
1,0,1,1,1,0,0,0,1,1,0,0,5.0,1
0,1,0,0,1,0,0,0,1,1,0,0,3.3,1
1,1,1,1,1,0,0,1,0,0,1,1,6.6,2
1,1,1,1,1,1,1,1,1,1,0,0,8.3,2
1,1,0,1,0,0,0,0,0,0,0,0,2.5,0
0,0,0,0,1,0,0,0,0,0,0,0,0.8,0
1,1,1,1,0,0,0,0,0,0,0,0,3.3,1
1,1,1,1,1,0,1,0,1,1,0,1,7.5,2
1,1,1,1,1,0,0,0,0,0,0,0,4.1,1
0,0,0,0,1,0,0,0,0,0,0,0,0.8,0
1,1,0,1,1,0,0,1,0,1,1,1,6.6,2
1,1,1,1,1,0,0,0,0,0,0,0,4.1,1
1,1,1,1,1,0,0,0,0,0,0,0,4.1,1
1,0,0,1,1,0,0,0,0,0,0,0,2.5,0
1,1,1,1,1,0,0,0,0,0,0,0,4.1,1
1,0,1,0,1,0,0,0,0,0,0,0,2.5,0
1,1,0,1,0,0,0,0,0,0,0,0,2.5,0
0,0,0,1,1,0,0,0,0,0,0,0,1.7,0
1,1,1,1,1,1,1,1,1,1,1,0,9.2,3
1,1,1,1,1,1,1,1,1,1,1,0,9.2,3
0,0,0,0,1,1,0,0,0,0,0,0,1.7,0
0,1,1,1,1,1,1,1,1,0,1,1,8.3,2
1,1,1,1,1,0,0,0,0,0,0,0,4.1,1
1,0,0,1,1,0,0,0,0,0,0,0,2.5,0
0,1,0,0,1,0,0,0,0,0,0,0,1.7,0
1,1,1,1,1,0,0,0,0,0,0,0,4.1,1
1,1,1,1,0,0,0,0,0,0,0,0,3.3,1
0,0,0,0,1,0,0,0,0,0,0,0,0.8,0
0,1,1,1,0,0,0,0,0,0,0,0,2.5,0
0,0,0,0,1,0,0,0,1,1,0,0,2.5,0
0,1,1,1,1,0,0,0,0,0,0,0,3.3,1
1,1,1,1,1,0,0,0,0,0,0,0,4.1,1
0,1,1,1,0,0,0,0,0,0,0,0,2.5,0
1,1,0,1,0,0,0,0,0,0,0,0,2.5,0
1,1,1,1,1,1,1,0,0,1,1,1,8.3,2
1,0,0,1,1,0,0,0,0,0,0,0,2.5,0
1,1,1,1,1,1,0,1,0,0,1,1,7.5,2
1,1,1,1,1,0,0,0,0,0,0,0,4.1,1
1,1,1,0,1,1,1,0,1,0,1,1,7.5,2
1,1,1,1,1,0,0,0,0,0,0,0,4.1,1
1,1,0,1,0,0,0,0,0,0,0,0,2.5,0
1,1,1,1,0,1,1,0,1,1,0,1,7.5,2
1,1,1,1,1,1,0,0,0,0,0,0,5.0,1
1,1,0,0,1,0,0,0,0,1,0,0,3.3,1
1,1,1,1,1,1,1,1,1,1,1,1,10.0,3
0,0,1,0,0,0,0,0,1,0,0,0,1.7,0
1,1,1,1,1,1,1,1,1,0,1,1,9.2,3
1,1,1,1,1,0,0,0,0,0,0,0,4.1,1
1,1,1,1,1,0,0,0,0,0,0,0,4.1,1
1,1,1,1,1,0,0,0,0,0,1,0,5.0,1
1,1,0,1,1,0,0,0,0,0,1,0,4.1,1
1,0,1,1,1,1,1,1,0,0,0,1,6.6,2
0,1,0,0,1,0,0,0,1,0,0,0,2.5,0
1,1,0,1,1,0,0,0,0,0,1,0,4.1,1
1,1,1,1,0,0,0,0,0,0,0,0,3.3,1
1,1,0,1,0,1,0,1,1,1,0,1,6.6,2
1,1,1,1,1,1,1,1,1,0,0,1,8.3,2
1,1,1,1,1,1,0,0,1,1,1,1,8.3,2
1,1,1,1,1,0,0,0,0,0,0,0,4.1,1
0,1,1,1,0,0,0,0,1,1,0,0,4.1,1
1,1,1,1,1,1,0,0,0,0,0,0,5.0,1
1,1,1,1,1,0,0,0,0,0,0,0,4.1,1
1,0,0,1,1,0,0,0,0,0,0,0,2.5,0
1,0,0,1,1,0,0,0,0,0,0,0,2.5,0
1,1,1,1,1,1,1,1,1,1,1,0,9.2,3
1,1,1,1,1,0,0,1,0,1,0,1,6.6,2
1,1,1,1,1,1,1,1,1,1,1,0,9.2,3
1,1,1,1,1,0,0,0,0,0,1,0,5.0,1
0,1,0,0,1,0,0,0,0,0,0,0,1.7,0
0,1,0,0,1,0,0,0,1,0,0,0,2.5,0
1,1,1,1,1,1,1,1,1,1,0,1,9.2,3
1,1,1,1,1,0,0,0,1,0,0,0,5.0,1
1,1,1,1,0,0,0,0,0,0,0,0,3.3,1
1,1,1,1,1,0,0,0,0,0,0,0,4.1,1
1,1,1,1,1,0,0,0,0,0,1,0,5.0,1
1,1,1,1,1,1,1,1,1,1,1,1,10.0,3
1,1,1,1,0,0,0,0,0,0,0,0,3.3,1
1,1,1,1,1,0,0,0,0,0,0,0,4.1,1
0,1,1,1,0,0,0,0,0,0,0,0,2.5,0
1,1,1,1,0,0,0,0,0,0,0,0,3.3,1
1,1,1,1,0,1,0,0,1,1,0,0,5.8,1
0,1,1,1,1,0,0,0,0,0,0,0,3.3,1
1,1,1,1,1,0,0,0,0,0,0,1,5.0,1
0,1,0,0,1,0,0,0,0,0,0,0,1.7,0
0,1,1,1,0,0,0,0,1,0,0,0,3.3,0
1,1,1,1,1,0,0,0,0,0,0,0,4.1,1
1,1,1,1,0,0,0,0,0,0,0,0,3.3,1
0,1,1,1,0,0,0,0,0,0,0,0,2.5,0
0,1,0,0,0,0,0,0,1,0,0,0,1.7,0
1,1,0,1,1,0,0,0,0,0,0,0,3.3,0
1,0,1,1,1,0,0,0,1,1,0,0,5.0,1
1,1,1,1,0,0,0,0,0,0,0,0,3.3,1
1,1,1,1,0,0,0,0,0,0,0,0,3.3,1
1,0,1,1,1,1,1,1,1,1,1,0,8.3,2
1,1,0,1,1,1,1,1,1,0,0,0,6.6,2
0,1,1,1,0,1,0,0,0,0,0,0,3.3,1
1,1,0,1,1,0,0,0,1,1,1,1,6.6,2
1,1,1,1,0,0,0,0,0,0,1,0,4.1,1
0,0,0,0,1,0,0,0,0,0,0,0,0.8,0
0,1,1,0,1,1,0,1,1,1,1,0,6.6,2
1,1,1,1,1,1,1,1,0,1,1,1,9.2,3
1,1,1,1,1,0,0,0,0,0,0,0,4.1,1
1,1,1,1,1,1,1,1,1,1,1,1,10.0,3
1,1,1,1,1,0,0,0,0,0,0,0,4.1,1
0,1,1,1,1,0,0,0,0,0,0,0,3.3,1
1,1,0,1,1,0,0,0,0,0,1,0,4.1,1
1,1,1,1,0,0,1,1,1,1,1,1,8.3,2
1,1,1,1,1,0,0,0,0,0,1,0,5.0,1
0,1,0,0,1,0,0,0,0,0,0,0,1.7,0
1,1,1,1,1,0,0,0,0,0,0,0,4.1,1
1,1,1,1,1,1,1,1,0,1,0,0,7.5,2
1,1,1,1,1,0,0,0,0,0,0,0,4.1,1
1,1,1,1,0,0,0,0,0,0,0,0,3.3,1
1,1,1,1,0,0,0,0,0,0,0,0,3.3,0
1,1,1,1,1,1,0,0,1,0,1,0,6.6,2
1,1,1,1,1,0,0,0,0,0,0,0,4.1,1
1,1,1,1,0,0,0,0,0,0,0,0,3.3,1
0,0,0,0,1,0,0,0,0,0,0,0,0.8,0
1,1,1,1,0,0,0,0,0,0,0,0,3.3,1
1,0,0,0,1,0,0,0,0,0,0,0,1.7,0
0,1,1,1,1,0,0,0,0,0,0,0,3.3,1
1,1,0,1,1,0,0,0,0,0,0,0,3.3,1
1,1,1,1,1,0,0,0,0,0,0,0,4.1,1
1,1,1,1,1,0,0,0,0,0,0,0,4.1,1
0,0,0,1,1,0,0,0,0,0,1,0,2.5,0
1,0,0,1,1,0,0,0,1,1,0,0,4.1,1
1,1,1,1,0,0,0,0,0,0,0,0,3.3,1
1,1,1,1,0,0,0,0,0,0,0,0,3.3,1
1,1,1,0,1,1,1,1,0,0,0,1,6.6,2
1,1,1,1,0,0,0,0,0,0,1,0,4.1,1
1,1,1,1,1,0,0,0,0,0,0,0,4.1,1
1,1,1,1,0,0,0,0,0,0,0,0,3.3,0
1,1,1,1,1,1,0,0,1,0,1,1,7.5,2
0,1,1,1,0,0,0,0,0,0,1,0,3.3,1
1,1,1,1,1,1,0,0,1,0,1,1,7.5,2
0,1,1,0,1,1,0,0,1,0,0,0,4.1,1
0,0,0,0,1,0,0,0,1,1,0,0,2.5,0
1,1,1,1,0,0,0,0,0,0,0,0,3.3,1
0,1,1,1,1,0,0,0,0,0,0,0,3.3,1
0,1,0,0,0,0,0,0,0,0,0,0,0.8,0
0,0,0,0,1,0,0,0,0,0,0,0,0.8,0
0,0,0,0,1,0,0,0,1,0,0,0,1.7,0
0,0,0,0,0,0,0,0,1,1,0,0,1.7,0
0,0,1,0,0,1,0,0,0,0,0,0,1.7,0
1,1,0,1,1,1,1,0,0,0,1,1,6.6,2
1,0,0,0,1,0,0,0,0,0,0,0,1.7,0
1,1,1,1,1,1,0,1,0,1,1,0,7.5,2
1,1,0,1,1,0,0,0,0,0,0,0,3.3,1
1,1,1,1,0,0,0,0,0,0,1,0,4.1,0
0,1,1,1,1,0,0,0,0,0,1,0,4.1,1
1,1,1,1,1,0,0,0,0,0,0,0,4.1,1
